Frame,RMSD
0,8.17768979752106e-08
1,0.957806300583111
2,0.7566293186306147
3,0.4798972473728304
4,0.6590848808441198
5,0.5179298169955618
6,0.6151796144539683
7,0.5924942476843695
8,0.6445832822756727
9,0.5691009395319483
10,0.6965397613648251
11,0.56568061698674
12,0.7844583434993662
13,0.4726325388093689
14,0.5998383901062799
15,0.4991896090025183
16,0.5860629861734103
17,0.3666251581448379
18,0.5704946335396855
19,0.801693458804436
20,0.611187078952235
21,0.341405223021026
22,0.5177125500435342
23,0.549346054002841
24,0.5073294592760033
25,1.0043037593561523
26,0.8079842589884162
27,1.1313434542707446
28,0.7728838783644979
29,0.34850087359330256
30,0.817671554002968
31,1.1281796867395446
32,1.2083479954435223
33,0.9238296556546521
34,0.7394799027903209
35,0.9678506435206994
36,0.8154586342864556
37,0.4173652785944093
38,0.5250674239931113
39,0.6810622368753155
40,0.45671887768986025
41,0.3614809883927994
42,0.5634724588139093
43,0.6560381230026233
44,0.5558591589912223
45,0.5759199286439168
46,0.563069957553042
47,1.1259579154694266
48,0.5948356581099667
49,0.5813094761174243
50,0.741206904276318
51,0.9122878158990647
52,0.8051140686932345
53,0.5249780585973248
54,0.448099929015392
55,1.023556642484165
56,1.0780780775823813
57,1.2435142178458036
58,1.063862245380303
59,1.2047490000284629
60,0.44925447179325806
61,0.41824444529327776
62,0.6114033830185408
63,0.8616386512761305
64,0.642150189671907
65,0.516640865937256
66,0.38732469546730197
67,0.747495688396272
68,0.7018026555461165
69,0.7055614712635594
70,1.1121839690590984
71,1.032139255522741
72,0.8100056714631192
73,0.9265756960080128
74,0.8199017267509885
75,1.1092661738833325
76,1.052969894744777
77,0.9585577466100418
78,0.9114739425381168
79,0.8646420758769904
80,0.5748943361733279
81,0.7859109048967441
82,0.8021650079618656
83,0.7307233375559805
84,0.8530211774618508
85,0.8268773876835379
86,0.6801638338251587
87,0.8156444911420051
88,0.8907986011360443
89,0.6588046786619483
90,0.5408646664589968
91,0.5991543017666271
92,0.9595531877278173
93,0.7715910762050503
94,0.7068161005820243
95,0.7558815360753827
96,0.6915522174627877
97,0.8052763788879305
98,0.7711347509285535
99,0.8304458680800548
100,0.8649295605332209
101,0.7006960549740222
102,0.5988236382944212
103,0.8064507238786549
104,0.6683310904907594
105,0.8106826868134335
106,0.7740370345485657
107,0.6139112033457266
108,0.6378819863410623
109,0.8259816938079407
110,1.1937637611538936
111,1.0056388783011685
112,1.018119235876263
113,1.0536818026397095
114,0.9593403014129669
115,1.01990332413498
116,0.9449425424165657
117,0.8622666312184059
118,0.8323383066667537
119,1.0449042218256002
120,0.7177955317587155
121,0.9285378979639597
122,1.053532552215903
123,1.0241667266689836
124,0.8588382292831572
125,0.9521824404124336
126,1.0255922455454158
127,1.0069515069485968
128,0.8934003866133876
129,1.005243924003516
130,1.07324259652175
131,1.001667604229308
132,1.0531645741167617
133,1.0050348837478638
134,0.9956569415559781
135,0.8696334742191892
136,0.9083569890627622
137,0.7697466899100924
138,0.937228569864777
139,0.8457323429005432
140,0.8178561767972199
141,0.9844360540320861
142,0.8127772039045609
143,1.1854376259888924
144,1.438408153090997
145,1.2746625101752174
146,1.3205111356345973
147,1.4406935530620355
148,1.221433995553916
149,0.9078600327378099
150,0.9366845259638944
151,0.9229997698737975
152,0.920322822023342
153,0.9398516118513213
154,0.8668983674742434
155,1.1390416191566664
156,1.100091604812236
157,1.0216907952224192
158,0.9492075883606973
159,0.9299716828423855
160,0.8964268293935105
161,1.012649799522754
162,1.1504843425832179
163,0.851705212464063
164,1.163484889545846
165,0.7775629753450595
166,0.9669730934472814
167,0.9036074498626873
168,0.9489506064643284
169,0.9920682711531864
170,1.1035198273192035
171,1.1208438155733427
172,1.0873774394351583
173,0.9550409766181808
174,0.9121625049672578
175,1.0245853448054756
176,1.1125886168231112
177,1.0369546868181496
178,1.0514207604752295
179,1.0237826524955702
180,0.8474171675272657
181,0.9623352953334049
182,0.953889912307995
183,1.0963638393946247
184,0.9948744492472097
185,1.122253407487634
186,1.12117551486581
187,0.9916295944120804
188,1.0318420093587621
189,1.034169763549421
190,1.006267740046906
191,1.228268699453409
192,1.232263103985532
193,1.246872138451636
194,1.0968010771912395
195,1.2779205931827713
196,1.1902646017916625
197,1.0932271557614326
198,1.1230500237063858
199,1.2232952499786125
200,1.1791785102372438
201,1.1989404576863143
202,1.0558264337041858
203,1.2264149681603709
204,1.1503915738057289
205,1.0297994528995025
206,1.1365197043324737
207,1.0671326490204036
208,1.0493502853046666
209,1.0165104827610787
210,1.2168107335842837
211,1.04524164267399
212,1.1517078524684548
213,1.0535214423022752
214,1.0256226936198731
215,1.0697491759631381
216,1.0831878145518343
217,1.0365535803141381
218,1.0564464740419084
219,1.1090426125436397
220,1.0753742921603169
221,0.9963487851433005
222,1.0202379845585672
223,1.064141722090335
224,1.0474056354989723
225,1.139105110510118
226,0.9923998583840808
227,0.96020271524263
228,1.0827420177658074
229,0.8884571237527306
230,1.0434229794875238
231,0.8179610358479107
232,0.771287405316626
233,0.38663897225164234
234,0.5754032746821486
235,0.8877610676431286
236,0.7192074500883763
237,0.9153259177730259
238,0.7082759630469324
239,0.6709135191899266
240,0.5270168684696337
241,0.3745438916604099
242,0.5081850367554458
243,0.5018782618706553
244,0.8632026495015469
245,0.7898671149903035
246,1.0127872886058076
247,0.9502202424842106
248,0.8981681328901178
249,0.960937034915158
250,0.9492839812676431
251,1.0934187311439938
252,1.0256087968051053
253,0.9720563475409796
254,0.7389206911656626
255,0.7759121621296724
256,0.5651631130218611
257,1.049560219185231
258,0.7251867444428166
259,0.8437976070896428
260,0.8448344997117222
261,0.6648261337213985
262,0.7446570804683016
263,0.9148916012853037
264,0.705184011721391
265,0.918253585239589
266,0.6727179193835325
267,0.9576496116807138
268,0.9376604435868011
269,0.93300469042362
270,0.8763971867896171
271,1.0486996203130579
272,0.926057928230294
273,0.6166774041742238
274,0.855132768679305
275,0.8327621476310227
276,0.7524548889581072
277,0.43218448760853495
278,0.8550811039430612
279,0.6730111399357149
280,0.6501519405165128
281,0.6965623825546285
282,0.6161903298900867
283,0.5740430028208501
284,0.6537850487045401
285,0.7423883974703194
286,0.6133247873703676
287,0.5764966306939728
288,0.6836637371159832
289,0.508365167584578
290,0.6961936238038269
291,0.9120141325252635
292,0.8343599589336808
293,0.640276735837045
294,0.739905519193252
295,0.5966680274392259
296,0.5685191911563701
297,0.5968949038451004
298,0.6530489955442499
299,0.5369219821218641
300,0.7964645263437454
301,0.7839044014385227
302,1.0342222014662605
303,0.9157762986675245
304,0.8891057642051059
305,0.9332689885025799
306,0.8201389077985157
307,0.9862333047570347
308,0.8814366477098341
309,1.017270822364532
310,1.0708741636117973
311,0.933513788140196
312,0.8960396934848278
313,1.0839120635743085
314,1.0820473974090614
315,1.0747396131901994
316,1.0794457547664842
317,1.2563985531027337
318,1.0393745185758803
319,1.0139285900252903
320,1.0052408179052192
321,0.9265140978755797
322,0.9330666582891488
323,0.9580870218151147
324,1.1092943302296918
325,0.9140926204270137
326,0.9058453853793194
327,1.0098650247522198
328,0.8835056980386299
329,0.8261759350621131
330,1.0618954697771625
331,0.8721775855085487
332,1.1708198822216906
333,0.9485935910259229
334,1.1093179810275118
335,0.8812123441628518
336,0.8955001245084105
337,1.1766378322057403
338,1.0532166011414132
339,0.7708730409342265
340,1.098161746672335
341,0.9971117261658151
342,0.951074412449132
343,0.9174415694322426
344,0.94243313685368
345,0.8935453851221382
346,0.8849657686212877
347,0.8276627000488903
348,1.0559305000872035
349,0.9250335513760641
350,0.9882145257759772
351,1.1171164579134203
352,0.9084650887665093
353,0.9919794513612942
354,0.9823170290908613
355,0.8948177622225267
356,1.031775401323568
357,0.7256188089846595
358,0.7854555983824341
359,0.8032986855083326
360,1.0224096642134937
361,0.9526559944689181
362,1.0929700562502744
363,0.8813418228559387
364,1.0941810701647863
365,1.10461814982251
366,0.9892875603836374
367,0.8250340264502435
368,0.9527274551944966
369,1.197469588222992
370,1.058331086046988
371,1.0360257816926168
372,0.9101917836076366
373,0.9680195571980386
374,1.1081651565084714
375,1.0469194664468995
376,1.0269005531119813
377,1.0384182580040566
378,1.0461303235160913
379,0.7965236660741927
380,0.9260446644115269
381,0.8429568683941798
382,1.00692112814188
383,0.8900594998152271
384,0.8768844589393693
385,1.0906173872807285
386,1.0488663596392651
387,1.1320393543459246
388,0.9962017086139051
389,1.1691262496180488
390,1.1304477373352797
391,1.1323234702960556
392,1.0511195544835188
393,0.8727487566624583
394,1.0192686106740532
395,1.0866566943587075
396,0.9758421093961995
397,1.1047560673869048
398,1.2007021644768758
399,1.0214928185532
400,0.8705935287514193
401,1.0863939540670178
402,1.0099342578250248
403,1.0932954265763488
404,1.1375624533797541
405,1.000612093617049
406,1.0729859779971966
407,1.2884023243318965
408,0.8925057355549908
409,1.121023954491276
410,1.1174782979688054
411,0.9753581372820357
412,0.9750406525381675
413,0.6749903545941514
414,0.7782336292836987
415,0.8284861670065568
416,0.7860474651188945
417,0.8042441451573229
418,1.129378374978172
419,0.967886533787181
420,1.0749539156390802
421,0.9818070799020396
422,1.3564597233272242
423,0.9607861995731508
424,0.8961844438734966
425,1.0145844753411815
426,0.8310301055505958
427,0.9309355825269585
428,0.8027152730077186
429,1.2146606343954267
430,1.1758276670536372
431,1.1110149430679737
432,1.4190153845844573
433,1.3119520367642803
434,1.4763120661625302
435,1.1787329843220735
436,1.4342156652155647
437,1.0918122140080577
438,1.1399575477915407
439,1.1396133921925866
440,1.1953705944048822
441,1.0751251110519724
442,1.1333600922968878
443,1.0582809819080452
444,1.315565517865979
445,1.2193861621015734
446,1.1205423771006942
447,1.1706414876685198
448,1.1087961222055374
449,1.1346188502542085
450,1.1270031515449763
451,1.053481206429995
452,1.1483703810139188
453,1.2598329666308086
454,1.2977178039299377
455,1.4081352170864077
456,1.2479621700474126
457,1.3815540664832557
458,1.1760006090049429
459,1.313037998453366
460,1.1682496703172687
461,1.2487926038135544
462,1.0933426796059125
463,1.1897642139180107
464,1.0127751441370414
465,1.167732100864308
466,1.1940201337919616
467,1.3094824685274975
468,1.1829826227124534
469,1.2002791355812776
470,1.1857839850159784
471,1.188197877640518
472,1.3405175372604998
473,1.1277302004533931
474,1.2531341621665844
475,1.1191930458898536
476,1.1071173918122652
477,1.252628571576165
478,1.186286947057352
479,1.2371679884825078
480,1.0979455258152047
481,1.1949915779162976
482,1.259781280325984
483,1.2496542613938957
484,0.9770901085431212
485,1.149624133773739
486,1.1504668132544889
487,1.148166164043651
488,1.0587459314931855
489,0.9689684459944314
490,1.039749877785057
491,1.0732345292912688
492,1.0045467973667592
493,0.8340181834776811
494,0.9105966869823434
495,1.114362339613285
496,1.2608647632024943
497,1.4713304482872327
498,1.2373641947915341
499,1.265775776378668
500,1.336770086670291
501,1.3136859856622476
502,1.3811465930662685
503,1.2744738504727302
504,1.34664144237386
505,1.3976094283146474
506,1.1362044863744036
507,1.070797377018664
508,1.1081406524677098
509,1.0115175382713895
510,1.059099475796319
511,0.985180952192238
512,1.0255954363297168
513,1.086901968667685
514,1.063489012975567
515,0.9473985551974928
516,1.1024216568929595
517,1.1842948025307067
518,1.060757150631057
519,0.9905792556152784
520,1.0590851063909466
521,0.8632009121576613
522,0.8429322281766803
523,0.9126773735544029
524,1.1281724780221467
525,1.2368477805416178
526,1.2584428646024757
527,1.153470844920959
528,1.1954146333584028
529,1.212421274951155
530,1.0889716681007182
531,1.715869208224652
532,1.362094911575004
533,1.3956887322691571
534,1.3992777203621778
535,1.284436631933289
536,1.20810028638553
537,1.2462585740414973
538,1.352593491704158
539,1.1862903545878885
540,1.2440258592623177
541,1.2250347954194176
542,0.9461231133137198
543,1.055979082144832
544,0.9080811463906786
545,1.074608724684265
546,1.1188302223369
547,1.1793035554723668
548,1.0869772982268269
549,1.244700640203554
550,1.1021798711340345
551,1.2735988456363354
552,1.1590714324207931
553,1.101977043721489
554,1.235769225567991
555,0.9849226711905952
556,1.061996574536242
557,1.2209857675644016
558,0.9282728173482677
559,0.9415139884538727
560,1.1146661185185904
561,1.4827552572519953
562,1.4213085872753581
563,1.5142595490997524
564,1.2776693675285107
565,1.300379490466806
566,1.2679169212004382
567,1.133199968495713
568,1.261354616673343
569,1.2468876239069522
570,1.1572959219536292
571,1.2455069324340589
572,1.2515183955050797
573,1.3322527726364317
574,1.3554031165041875
575,1.3061833536109373
576,1.1711578060453192
577,1.303600263996185
578,1.0729121604748029
579,0.9538487615672578
580,1.006123201946475
581,0.9956441178240889
582,1.066680127249204
583,1.0049998836644924
584,1.125266914924098
585,0.8869428660063086
586,0.6141456452390683
587,0.5754056002343992
588,0.3507739922287552
589,0.6764260292816153
590,0.49170061140481536
591,0.5845448575572878
592,0.6268570600887545
593,0.49793831558436463
594,0.4832250826630802
595,0.5303527967698584
596,0.5009812104169623
597,0.389183800522205
598,0.4449000885494477
599,0.4624073592407545
600,0.5074260409282163
601,0.5881719845831352
602,0.43502689250331833
603,0.40272982925469364
604,0.522134144480552
605,0.4345782040996725
606,0.6881690530362372
607,0.5230794335339727
608,0.48852037633815526
609,0.5017170025702625
610,0.8566025350689819
611,0.5493627519541328
612,0.5964140055448987
613,0.47236581410431017
614,0.4102414132757297
615,0.7846226687312956
616,0.5570614380351735
617,0.6507726002423915
618,0.4253720304307974
619,0.4390889047914488
620,0.438752070355033
621,0.4765891313138089
622,0.4096870492228565
623,0.4321752968908007
624,0.44972057239016805
625,0.49741967837827983
626,0.5486270312259135
627,0.5002767956840274
628,0.3733486072214068
629,0.8347157707616899
630,0.669972007287132
631,0.4022327111997936
632,0.573352379015146
633,0.6912867893138631
634,0.8616341016805988
635,0.9675810388214686
636,0.608781758523192
637,0.9201065243756976
638,0.7988061076875071
639,0.8277044444433856
640,0.6345274288804311
641,0.7621741594428458
642,0.8247528341676428
643,0.870531881092675
644,0.6114418600673008
645,0.5619083980574455
646,0.7382935367920557
647,0.9485163464488348
648,0.7694448428757072
649,0.8248485987573135
650,0.6389299082851208
651,0.6628436824330018
652,0.7819564482365005
653,0.6121937031654565
654,0.6922467415538675
655,0.725326460973344
656,0.7759272457520653
657,0.5716235017506497
658,0.6497112319455862
659,0.6719503188070085
660,0.8974991528323488
661,0.9832904320359004
662,0.7593950778479748
663,0.7247185821424222
664,0.7462155792778469
665,0.739632857270016
666,0.9025140353689183
667,0.8246619472992552
668,0.7767661571445852
669,0.8481573257426073
670,0.7408363855152152
671,0.8236530283392125
672,0.9196960410058292
673,1.0131852464107511
674,1.3160515701267343
675,0.7618530253456873
676,1.164818448942509
677,0.9175672940403335
678,0.6133755461420987
679,0.8334065335567445
680,0.6704349048002529
681,0.7160500210671893
682,0.8660385624833619
683,0.8508586017077
684,0.8738091234211101
685,0.5805040462662658
686,0.5973924878885263
687,0.9065256653187878
688,0.972636630649776
689,0.9311701633712497
690,0.7171795181917667
691,1.0146127388184811
692,0.8861103880447431
693,0.8769673221634804
694,0.9411879298413109
695,0.9294144422918416
696,0.9130746499441159
697,1.090993939526026
698,0.995420082324622
699,1.2763330925499339
700,1.0999639487843265
701,1.2306493792481932
702,1.1691880831776864
703,0.9387533865299035
704,1.2448213380283126
705,0.9673426280133953
706,1.0045152894219413
707,0.8982583457577102
708,0.6944797727168233
709,0.659750714242829
710,0.8867275418348002
711,0.706022111614142
712,0.8165146313791142
713,0.836579663421137
714,0.7291158754904191
715,0.8732599432789495
716,0.757031381174796
717,0.7167697399123145
718,0.7677866550396176
719,0.7473663055846098
720,0.9583555250632412
721,0.7808529164320358
722,0.7750693310296424
723,0.777643859529326
724,0.5592012869284271
725,0.64878609322465
726,0.7597106282215886
727,0.7467568787598335
728,0.7540900987036301
729,0.8631203601974006
730,0.743289940453706
731,0.686028270728834
732,0.954954424072701
733,1.1339315548664355
734,1.1683433337639844
735,1.0556505268152327
736,1.1070246658715406
737,1.039656860785687
738,1.0605501901125196
739,1.103459457982764
740,1.1060202580102938
741,0.9904686575359151
742,1.0804546941267439
743,1.2330817953391295
744,1.1561648391032369
745,0.984062855472125
746,1.0443146824307041
747,1.0838269589370444
748,0.991527928973872
749,1.1361008411281674
750,1.0411977340773588
751,1.0104077609711688
752,0.9806510688137366
753,1.0405258199669558
754,1.0443013389381601
755,1.085048299059409
756,1.3410171333098537
757,1.0051119535888555
758,1.0770532603617224
759,1.1607120533086757
760,1.1695757857778888
761,1.1466559697768268
762,1.0466437504946484
763,1.125065199473227
764,0.9408724910739978
765,1.1091475350054687
766,1.229793537556609
767,1.0954388730688742
768,1.0462275906912637
769,1.0426081647894172
770,1.1689034579154036
771,0.8898175963099194
772,1.1218748013539441
773,0.7707481277634012
774,0.8091342593529927
775,0.7595075115740655
776,0.8816391333370747
777,1.0632678340609172
778,0.9230466947957657
779,0.7919623549627365
780,0.9358333806753627
781,1.284002459184056
782,1.2186014934148877
783,0.9189719145699375
784,1.1413156870305774
785,0.9783986685860401
786,1.1485907194242733
787,1.0603451484990356
788,1.275078959496341
789,1.03165918219744
790,1.2217923333295415
791,1.1388447837643034
792,1.2824184939947887
793,1.3642378229071344
794,1.2721123266250196
795,1.147381634990229
796,1.0663402855309199
797,1.134825732790742
798,1.0614596671706447
799,1.158299663522587
800,0.7721023696175686
801,0.9517987033006277
802,0.7907800369563238
803,0.7377665224111017
804,0.7754618820308049
805,0.8771014478014371
806,1.034064869833977
807,0.9838852662784582
808,0.9045982615451518
809,0.8093367307238116
810,0.9022920331544314
811,0.8869022027725847
812,0.8732873701199411
813,1.016795606618917
814,1.0591178717456853
815,1.272265328468267
816,1.246429430316918
817,1.1531608465352257
818,1.1041176295385917
819,0.8702543718098755
820,1.0102918102148932
821,0.8055261034963689
822,1.0129868877554198
823,1.1033930319389993
824,0.9734198885578902
825,1.1168480932373719
826,1.1246352872177585
827,0.8024686130167532
828,1.1017477933476811
829,1.0953074500702689
830,0.8430388500575343
831,0.9502535445144713
832,0.8471567544339245
833,0.8299961733387652
834,0.9030218706070751
835,1.0111719107737014
836,1.071830908726012
837,0.8825271797261397
838,1.0257691443496733
839,1.1253625770568199
840,1.049089225056026
841,0.9786488104046285
842,1.0264158051179209
843,1.0403620295093399
844,1.0626676756474684
845,0.9666717660375188
846,0.9882045961738982
847,0.9947301432660068
848,0.9637446164111101
849,0.9529794500452184
850,0.9921305912339791
851,1.0322051376792678
852,1.0666303827380526
853,0.9572903093982996
854,1.190166922616991
855,0.9848144270040358
856,0.9885238969636411
857,0.902479180815986
858,0.9832447929360255
859,1.0347857429134124
860,1.1401067082820138
861,0.8845103357012045
862,0.9822076039548088
863,0.9948434182973607
864,1.1328171858060478
865,1.072231951502392
866,1.1882660737671866
867,1.010272945780976
868,1.1002447883302715
869,1.096712299967128
870,1.0692589146038431
871,1.1346679673046616
872,1.0582558303081242
873,1.0795864052300048
874,1.044597264694752
875,0.9047718239585896
876,0.9783203415823263
877,1.1252282588974367
878,1.190138150830097
879,1.090734576668463
880,1.0649123405818846
881,1.0463894977715034
882,0.9416723280135032
883,1.0816895760357885
884,1.0488385871187784
885,1.249993883406696
886,1.051508648275195
887,1.0274030630632525
888,0.9830128652793733
889,0.8477641585194321
890,1.0603186863879448
891,0.903088700367734
892,1.0526108255386022
893,1.0638120182242519
894,1.2881717158267896
895,1.1575387164845292
896,1.1309102962974829
897,1.2624206948679146
898,1.2059940924053516
899,1.1689133344546043
900,1.4168422403180347
901,1.1300241570931908
902,1.4624594665973265
903,1.2947652581473776
904,1.28972582132773
905,1.3300395316457834
906,1.1633934585344268
907,1.2304658752565003
908,1.0083350735074161
909,1.2658399192337084
910,1.0593655587087907
911,1.2566776386753296
912,1.2560230949749938
913,1.256442107845065
914,1.289642700905676
915,1.540233178581331
916,1.3017508933124282
917,0.9602495905289948
918,0.8060060308726771
919,0.9836424811609973
920,0.9126728729597556
921,0.88382621008389
922,0.9751462622746383
923,1.1195720543765468
924,1.3254443255120332
925,1.2036604938455289
926,0.9628978850700456
927,1.1096399502045358
928,1.2111294074214005
929,0.8156800405698824
930,0.9458502820074093
931,0.9075803969853847
932,1.0062749832178162
933,1.062903713119033
934,0.9940991647852638
935,1.0104645948863726
936,1.0503834385978716
937,1.0173334684649333
938,1.0090972270079093
939,1.1548004057130863
940,1.0814027255719616
941,1.0293332871174272
942,1.1353374442746849
943,1.163192586042528
944,0.9481080439770259
945,0.9845110497011771
946,1.1013616902437149
947,1.033512759911952
948,0.9957563679927565
949,0.9435956441749653
950,1.0193877636426465
951,0.948668411807122
952,0.8855367031094215
953,0.9252103317744436
954,1.0236115718156191
955,0.8922313160492166
956,0.9728218295567705
957,1.0254360272462217
958,1.0316198607664546
959,1.053890871088533
960,1.0296884147050647
961,1.0672128403513892
962,1.0770784958092985
963,0.9384999764321961
964,0.9661932337399904
965,0.9397772306140513
966,1.105177344837795
967,0.9177791894014741
968,0.9431244456483283
969,1.1198851711724194
970,1.0666110145264907
971,0.8717273791660298
972,1.1035017334135984
973,0.9998344935596976
974,1.1009988331755416
975,1.0564808784473472
976,1.0854167124266931
977,1.0375248824561698
978,1.2746146495970023
979,1.1976916091705
980,1.1000495385055784
981,1.1240250772873694
982,1.1346638954689687
983,1.107932179351964
984,1.0799824348242761
985,1.2278449106759244
986,1.2666325123664137
987,0.989715585691735
988,1.04270533062509
989,1.095386680419394
990,1.1706427879870123
991,1.0624745130746611
992,1.0644230127214331
993,0.9350949571789018
994,0.9567981105880436
995,0.9344266693598225
996,0.9182223296805226
997,0.9558689631457281
998,0.9956015972784558
999,1.2373511288897907
1000,1.236754074771977
1001,1.1801095786850282
1002,1.3674630750144399
1003,1.1513622185191543
1004,1.173414413338377
1005,1.138218410890357
1006,1.220839631079101
1007,1.199228646244921
1008,1.1808855809292729
1009,1.1729640029647501
1010,1.064135488780684
1011,1.0761993484355699
1012,1.1415106950090819
1013,1.0973900138373371
1014,1.3174943792099194
1015,1.203010628820476
1016,1.2261775846251175
1017,1.1871674645542831
1018,1.2690391562604322
1019,1.0565737139149893
1020,1.230473991649058
1021,1.1710838843934275
1022,1.1932248055148331
1023,1.1577958753463438
1024,1.2068621555495822
1025,1.21888474988803
1026,1.167663101895112
1027,1.1681853425763338
1028,1.091396953279071
1029,1.055148911891806
1030,1.090992591574439
1031,1.1740056171204052
1032,1.085398397303343
1033,1.0971901109191247
1034,1.0944200216349245
1035,1.2196273956631467
1036,1.1034398782785741
1037,1.1199122104103152
1038,1.2329596421381668
1039,1.2328939286387504
1040,1.2430868100426968
1041,1.1757168958671669
1042,1.048497046631455
1043,1.064431683533704
1044,1.0222495312164028
1045,1.0944314303307245
1046,0.9951369585025975
1047,0.9526492379289143
1048,1.0303632792497155
1049,0.8731330558591698
1050,1.0489725723328152
1051,0.9568493578628664
1052,1.1954011116981322
1053,1.084760451562758
1054,1.132059146666934
1055,1.1832512668859776
1056,1.2972092735563168
1057,0.9531749106182053
1058,1.0209980260913543
1059,1.045585423578018
1060,1.033863758989039
1061,1.309245295209227
1062,1.4758198645429579
1063,1.1096076122471041
1064,1.012550374539361
1065,1.0553869131678169
1066,1.098408015358075
1067,1.0301228760792538
1068,1.1677102557374814
1069,1.034664147126826
1070,1.2944395129352242
1071,1.202555847849672
1072,1.4023826593438888
1073,1.1580494124139138
1074,1.1315768779315185
1075,1.2232231022261228
1076,1.2818254925243084
1077,1.2244129576177651
1078,1.3101055676236582
1079,1.2741963814331365
1080,1.278840508143687
1081,1.2681980608072236
1082,1.4090176878998142
1083,1.2487657600063886
1084,1.2665610188216159
1085,1.2677813348603466
1086,1.3517133447138863
1087,1.4189257614861706
1088,1.2243381166174512
1089,1.3082313597065611
1090,1.2807630926557867
1091,1.2556446043828906
1092,1.1663396787648772
1093,1.1923181331848585
1094,1.189726861227839
1095,1.1116395812994408
1096,1.1961957088574564
1097,1.1436144890895363
1098,1.1656371216133312
1099,1.263112795315767
1100,1.1867333556720399
1101,1.2019874387815623
1102,1.0887078876640728
1103,1.120730025384458
1104,1.0892983027454186
1105,1.220474475873358
1106,1.1122254941834262
1107,1.1759679346254648
1108,1.129738321349679
1109,1.139922876628683
1110,1.1389946695737527
1111,1.1728385470198934
1112,1.1567401384786649
1113,1.2371809142313004
1114,1.150209055540882
1115,1.1400455713182904
1116,1.3591703718175285
1117,1.1628660722733442
1118,1.2906102867996059
1119,1.2120754564634468
1120,1.1342459425118374
1121,1.1062050245036004
1122,1.0970314139737625
1123,1.2027407044599974
1124,1.1810519907196837
1125,1.258278974010562
1126,1.2786719866061949
1127,1.2718606022323535
1128,1.1731723806999774
1129,1.2307814139548658
1130,1.253118812160563
1131,1.232421844171647
1132,1.1900621124064332
1133,1.1963520637139466
1134,1.2462318722159047
1135,1.2092473446498992
1136,1.1614487180468918
1137,1.0562105102797705
1138,1.1552401669377417
1139,1.0726209816513084
1140,1.405053541360627
1141,1.1706025735521353
1142,1.4204047479880626
1143,1.19028956156115
1144,1.0646233209732376
1145,1.2704783763082255
1146,1.180713532360301
1147,1.3385411640704863
1148,1.3264987199064122
1149,1.463104907091923
1150,1.2741995540656317
1151,1.109323337562035
1152,1.189087913514888
1153,1.2384216032510433
1154,1.2436339784994432
1155,1.1875072148325427
1156,1.182594342569688
1157,1.1870178272611223
1158,1.2555639914019665
1159,1.1755615801610164
1160,1.1356134618315494
1161,1.0940597508608378
1162,1.0433268613173203
1163,1.0809301653048868
1164,1.0828702856188623
1165,1.1846313241737128
1166,1.1495698660035854
1167,1.1059046246955218
1168,1.106608981345368
1169,1.0679165300536515
1170,1.1256844655467213
1171,1.076808662413299
1172,1.1713041800959985
1173,1.0350593593693134
1174,1.1258385579967727
1175,1.1110044014031906
1176,1.1649313197496307
1177,1.112735208428793
1178,1.1029069322513683
1179,1.1217939627971643
1180,1.0221179345195244
1181,1.0828521727601292
1182,1.0472590394646704
1183,1.1046369637982671
1184,1.1365367314020094
1185,1.1355189663957972
1186,1.1009846883665257
1187,0.938268018386267
1188,0.8308365339351035
1189,0.8593283664379079
1190,0.8806696867877476
1191,0.857064128716893
1192,0.8928493438218561
1193,1.0031492391833658
1194,0.8476963071722252
1195,0.86131969685203
1196,0.9315012751758639
1197,0.8657231652603666
1198,0.8636595337724186
1199,1.0256246904184547
1200,0.9734318114461771
1201,0.9485937659197924
1202,0.932902651322533
1203,0.8896328239184179
1204,0.8739376368895545
1205,0.9689410997448873
1206,0.955314680008519
1207,0.983789490664927
1208,0.8214057092301361
1209,1.0091397446662775
1210,1.123796603146907
1211,0.9771025105455554
1212,0.8154665220753714
1213,1.0365797298841182
1214,1.041942451250971
1215,0.9249216388721065
1216,0.9856006465147782
1217,1.0615082270480458
1218,0.8634754864307939
1219,0.8567774498292291
1220,1.0190979722954392
1221,0.899031142005568
1222,0.8434947576831324
1223,0.8933283866265502
1224,0.9388252629096002
1225,1.0793351213163633
1226,0.8708666285848871
1227,0.8872670270212367
1228,0.9485659108805344
1229,0.8611062847011501
1230,0.8952056936452945
1231,0.820963089023969
1232,0.9225562659312839
1233,0.8526260925517968
1234,0.9621124754225409
1235,0.9002221368039295
1236,0.8946300823522606
1237,0.8450735611951735
1238,0.8559510610964294
1239,0.9667628676952027
1240,1.0756691844996888
1241,1.0791255415764385
1242,1.140563433054012
1243,1.1237445597946665
1244,1.2283546301291124
1245,1.1886609613886157
1246,1.1856187566787815
1247,0.8715105423181526
1248,1.1870235008899024
1249,1.153844876904787
1250,1.1929451710491445
1251,1.2242417283210596
1252,1.2768775315276224
1253,1.0471570733727784
1254,1.227562200587842
1255,1.2123011475668664
1256,1.1879201169288989
1257,1.1133638742020247
1258,1.2049074928112689
1259,1.167415291994731
1260,1.2225550156199179
1261,1.1757472395687985
1262,1.0445716603779034
1263,0.9366281146735499
1264,1.2071521395032658
1265,0.9640550531824562
1266,1.1289219520377165
1267,0.9403845878061731
1268,0.8954296147258177
1269,1.2418524555991937
1270,1.1264383744169233
1271,1.0729857556772608
1272,1.1159800227309247
1273,1.0855402621878303
1274,1.0833206735943628
1275,1.0482781920078306
1276,1.1085128004167761
1277,1.1188040450591596
1278,1.0487326669130108
1279,0.9605933168717647
1280,0.9201583153565037
1281,1.1621053059201392
1282,1.161165050637925
1283,1.3345521210458258
1284,1.095992370038348
1285,1.0742349201237271
1286,0.87896195629244
1287,0.9884011489818132
1288,1.0020433297095257
1289,1.050198875841539
1290,1.2065882594840176
1291,1.1720058942008857
1292,1.2081126899391827
1293,1.2196453360157626
1294,1.2914042509665453
1295,0.8576579903374358
1296,1.0585947206609914
1297,1.4237141137102065
1298,1.1769411300176769
1299,1.466496879273495
1300,1.5737659668860968
1301,1.409371881361166
1302,1.2811040897147916
1303,1.127193113972066
1304,0.9211632196936552
1305,1.132797252421019
1306,0.8279795636646582
1307,1.3871166102604855
1308,0.785957572810201
1309,0.7397357200583959
1310,0.789259463978477
1311,1.016516425254617
1312,1.0375884871471581
1313,0.9802745902098678
1314,0.8776973163543684
1315,0.880436035738682
1316,1.0360521692597224
1317,0.9351660485387435
1318,0.8957893004258789
1319,0.9281434396356814
1320,0.9409749685878774
1321,0.9224968405747728
1322,0.8464921000699451
1323,1.0609333798540022
1324,0.9726382607716677
1325,0.8475895912411634
1326,0.9590797334176543
1327,1.1528876687791947
1328,0.9878081545600174
1329,1.166825826191698
1330,1.3730907942479709
1331,1.279332146410349
1332,1.1393379068089453
1333,1.2632345650272006
1334,1.0139177513144548
1335,1.1415547249100853
1336,1.0524612946418235
1337,1.0861752643692928
1338,1.1082161136382216
1339,1.3273075575562345
1340,1.066558091791253
1341,1.0783442171982307
1342,0.9205199725040315
1343,1.1493446090859434
1344,1.139994615857939
1345,1.0960152966925159
1346,1.221953998306247
1347,1.0386907921391049
1348,1.160799225278456
1349,1.2431696728887744
1350,1.2608912944567372
1351,1.115874163637161
1352,1.0301609979483883
1353,1.1547194833566876
1354,1.4059576961752198
1355,1.0354469454163076
1356,1.3341343711609839
1357,1.132119794302837
1358,1.3693456862023234
1359,1.1058462429212312
1360,1.1474053412121075
1361,1.1266411368701703
1362,1.09630273546049
1363,1.1214319570317357
1364,1.216534804513514
1365,1.412764130353653
1366,1.0740672836307248
1367,0.8671307054015791
1368,1.0514676273732186
1369,1.1037243964548276
1370,1.0369001862175968
1371,1.0234083018877242
1372,1.0989767649570947
1373,1.2360475860254134
1374,1.4059206766928216
1375,1.226024831053048
1376,1.05128122307891
1377,1.2281986319739697
1378,1.1670142326533515
1379,1.025083801284536
1380,1.0627103301218632
1381,1.1160707600382918
1382,1.1631648106479513
1383,1.222258290221303
1384,1.2114967649516255
1385,1.1919183373883626
1386,1.26061966583089
1387,1.3066644867629802
1388,1.268988424382553
1389,1.2026370708160836
1390,1.39240880631201
1391,1.1103009148744187
1392,1.1823710377283376
1393,1.272773402894932
1394,1.1024344290758188
1395,1.3414074514617051
1396,1.3241122261831226
1397,1.429561103060201
1398,1.3924098008525472
1399,1.2231207262347372
1400,1.3093869312894904
1401,1.3013812719779558
1402,1.1098863975840543
1403,1.0593001482399813
1404,1.0752597984877064
1405,1.181641962196421
1406,1.0235366662634424
1407,0.9578952006325051
1408,1.0276889221172978
1409,1.0321017499887948
1410,1.185310463720962
1411,1.1100922738347765
1412,1.1779613311636932
1413,0.9002937746951825
1414,0.9600807553755698
1415,1.1454827244816543
1416,1.1661283275614869
1417,1.2815799149844358
1418,1.2673247051860341
1419,1.016437352749736
1420,1.0287368581894412
1421,1.2565237309127129
1422,1.155051169958027
1423,1.1275470273855466
1424,1.1097400251535554
1425,1.20763986813979
1426,1.121326646787131
1427,1.291232755969462
1428,1.001860993593809
1429,1.0989918555660412
1430,0.9135820480781999
1431,1.0092255065189757
1432,1.0332400113548588
1433,1.0295056092754629
1434,0.9028502266707557
1435,0.8384185418513149
1436,0.8931289409304894
1437,1.0748614469639577
1438,1.105593399158396
1439,0.8763937203165464
1440,0.6978065115267993
1441,0.7990679831505995
1442,0.8295593367172871
1443,0.8356431070536277
1444,0.9304852124252989
1445,0.8904393979769571
1446,0.8092916825828297
1447,0.9437684886069114
1448,0.7139376594541432
1449,0.703419341429864
1450,1.1074255427032973
1451,1.072295875472693
1452,0.9555212434775445
1453,1.0280769573641633
1454,1.1971103290548293
1455,1.1186937158518768
1456,1.1330305274643022
1457,1.3236340490372924
1458,1.1105009336209961
1459,1.1858168464038736
1460,1.0298957808138534
1461,1.0017929572488227
1462,0.8958069585613846
1463,0.9399531025549647
1464,0.8450047940189686
1465,1.1712888178104128
1466,1.0947573912380688
1467,1.1008928825128212
1468,1.2918644066508818
1469,0.8838484946889515
1470,1.0708989216303837
1471,0.9724368953589551
1472,1.0417238611478834
1473,1.3621203295880444
1474,1.3985741418380546
1475,1.2897626297550198
1476,1.200290141278007
1477,1.290884117796389
1478,1.3230003431718886
1479,1.4977983933155483
1480,1.4217280122847187
1481,1.289851442799776
1482,1.3087910393856055
1483,0.9830930488707396
1484,1.0505882732073137
1485,1.1089663880767358
1486,1.2412599541306526
1487,1.0267531061522772
1488,1.0544946657668732
1489,1.1924874469935096
1490,1.180538577685447
1491,1.202940860885538
1492,1.2082098876763971
1493,1.2396095599602845
1494,1.0577639464852173
1495,1.0470847626789133
1496,1.0566976377616544
1497,1.240019768134723
1498,1.1336786763142477
1499,1.3397810215357775
1500,1.189104914293631
1501,1.183653238558329
1502,1.3533392791294077
1503,0.9033809738846958
1504,1.2150574640514444
1505,1.2699890317324543
1506,1.3293868465921712
1507,1.3827383941877083
1508,0.7341407226742013
1509,0.9530908919536847
1510,1.0644134955083733
1511,1.0947811685398077
1512,1.2293256560875954
1513,1.0591836713101246
1514,1.0548526971697736
1515,1.2274579099669503
1516,1.2587482542539874
1517,1.313521099008533
1518,1.2146200975264005
1519,1.1267041493335606
1520,1.0254838898131717
1521,0.9983035006930023
1522,1.0826051665083107
1523,0.9865802278920052
1524,1.0477688578807136
1525,1.198403589482697
1526,0.9857769744534713
1527,1.1191771227311234
1528,1.1685828788490684
1529,1.0602359072897611
1530,0.9335281408436845
1531,1.141913058228594
1532,1.202955016771567
1533,1.1666706110095726
1534,1.3023002020621333
1535,1.1768376822952336
1536,1.2512593282087656
1537,1.1728963029255972
1538,1.0054392124972902
1539,1.245287832155896
1540,1.175889185832668
1541,1.1161202896156897
1542,1.1348174648008984
1543,1.0724438131488117
1544,0.9411450230414804
1545,1.0111349884304592
1546,1.1132078830868122
1547,0.8660393294851162
1548,0.8697731692710147
1549,1.052804881007656
1550,0.9285878813334161
1551,0.8888737034882969
1552,0.8317969555172114
1553,1.2328640038107168
1554,1.3171056993814025
1555,1.1082393767475678
1556,1.1659033131381509
1557,1.0937275830185806
1558,1.190968723325197
1559,1.0359174968804605
1560,1.179182334375235
1561,1.439646394710218
1562,1.3210029821981415
1563,1.2390263711130551
1564,1.0334492325003035
1565,1.189175417211309
1566,1.2091492205223908
1567,1.0224993883066977
1568,1.1349064515821692
1569,1.1838149606499924
1570,1.0825333045090442
1571,0.9854214868871137
1572,1.1493262622533653
1573,1.1076301727138231
1574,1.154598766581728
1575,1.0057096928810125
1576,1.1368165542818893
1577,1.2181531008329316
1578,1.2734886756467734
1579,1.2664816923162843
1580,1.0950307997978803
1581,1.1315105709964466
1582,0.8710178200052748
1583,0.9462092870025923
1584,1.1582783584862861
1585,0.9070002714810105
1586,0.876877196136752
1587,0.8811630132759547
1588,0.5821043400955928
1589,0.6897416694657653
1590,0.879767052576021
1591,1.0308626344235057
1592,1.0007484654854564
1593,0.9240419887815101
1594,1.210670797133923
1595,1.3026473585255496
1596,1.21432403411667
1597,1.015206634751126
1598,1.1497834318091584
1599,1.1256024242386096
1600,1.2910435791480253
1601,1.3469723449956137
1602,0.9500856829314686
1603,0.9127760506651527
1604,1.1566824943017957
1605,1.0832010967817722
1606,1.2553927505611244
1607,1.111836133059714
1608,1.1630408092659554
1609,1.32589351092157
1610,1.2153433463722765
1611,1.2141250266875827
1612,1.1122496297667792
1613,1.0245646917244438
1614,1.1858392063046153
1615,1.0679366360526075
1616,1.140875984233098
1617,0.9888518180549511
1618,1.1642458747554163
1619,1.1464782739538835
1620,0.9434670755019997
1621,1.123856935701131
1622,1.1224409159087883
1623,1.0393135104908222
1624,1.0862985863393395
1625,1.0146630620064505
1626,0.9773086220695609
1627,1.024661751496385
1628,0.9028092209250389
1629,1.1717256554107633
1630,1.122452401316571
1631,1.0889438523748305
1632,0.6854208137766434
1633,0.861428907487024
1634,1.0209144200468185
1635,1.0942218833213393
1636,0.9933910175590753
1637,1.025527852484578
1638,0.89620532320555
1639,0.9398919512729043
1640,1.1770682084175754
1641,1.3254822577234686
1642,1.1956311071451045
1643,1.0407423444849846
1644,1.307009357758453
1645,1.0373817967824381
1646,1.046636722101884
1647,0.9874130316682076
1648,1.1298898120942593
1649,1.3557664924239354
1650,1.126656835332286
1651,1.227809315310347
1652,1.2105574419361191
1653,1.2515716122174403
1654,1.2972162940085972
1655,1.2601611246827635
1656,1.0684716497937499
1657,1.0994621701807104
1658,1.214411024312232
1659,1.2908819961126217
1660,1.191073269258842
1661,1.1105652222833797
1662,0.8628637741362369
1663,0.9785604206911315
1664,0.9311553692754772
1665,1.1077944000944018
1666,0.9395592520851385
1667,1.1379429260361498
1668,1.2840253164718463
1669,1.040972975478943
1670,1.0745622374423922
1671,0.8251513709646631
1672,0.640022890117002
1673,0.7896047992304212
1674,0.7274365804286165
1675,0.8115381703322685
1676,1.0170781602762384
1677,1.1090065924564376
1678,1.0317592822253385
1679,0.6582081508723315
1680,0.8892367307298739
1681,0.74833890205414
1682,0.9669397616218461
1683,0.8762341408250616
1684,0.7557202213395651
1685,0.546820168204507
1686,0.8868362614523966
1687,0.7431237676362694
1688,0.7936156618981703
1689,0.9971953073264093
1690,0.8397581522734601
1691,0.8457451259947332
1692,0.8497489752633881
1693,0.815929707831757
1694,1.1083694669830568
1695,1.1617891958053992
1696,1.1335933212352023
1697,1.1655617109356324
1698,1.3036343576023224
1699,1.1365743432166824
1700,1.4020446005865703
1701,1.067351989881118
1702,1.1688977840553783
1703,1.1280801967920262
1704,1.290062347173601
1705,1.0671525498463437
1706,1.100337352321551
1707,1.0620013120677185
1708,1.1537286312788453
1709,1.2392546142203158
1710,1.1638576384553883
1711,1.0068117707425706
1712,1.1502244815510456
1713,0.9809723560472935
1714,1.1794804053365386
1715,0.9566277074460179
1716,0.9389358201270338
1717,0.8950808965879603
1718,0.7993653791686828
1719,1.1050973742608452
1720,0.9480586166300754
1721,0.9956255889475023
1722,1.0323663612326193
1723,0.9518101502331652
1724,0.8265680681351555
1725,0.9637353555968929
1726,0.8167338108976543
1727,0.9142622703320747
1728,0.9486734618449641
1729,0.8880506716961271
1730,0.8851336769981288
1731,0.7775245196154544
1732,0.759274252561396
1733,0.9968602586105136
1734,0.9113507604989257
1735,1.1211429554047416
1736,1.0988349772848889
1737,1.1457701984858673
1738,1.0905769860995045
1739,0.7815705317169421
1740,0.5847685469761541
1741,0.6655784446913688
1742,0.7068099231052667
1743,0.6147135816972386
1744,0.7740758608362449
1745,0.8428840014861378
1746,1.0118798120743508
1747,1.0708684324517008
1748,1.263148954941416
1749,1.1568482886861287
1750,1.3447805519264424
1751,1.138572827125747
1752,1.0762322300408709
1753,1.0894137226881528
1754,1.077990047729433
1755,1.1871420330291405
1756,0.9786068544673237
1757,1.2435728338138952
1758,1.515532380416775
1759,1.3873174820491658
1760,1.3553848751643391
1761,1.4812434193592294
1762,1.5709678430107223
1763,1.31890764816072
1764,1.1563767319937641
1765,1.2996427140274105
1766,1.0779347726946382
1767,1.0894403570260651
1768,1.1577956566580851
1769,1.1711640411518518
1770,1.232362944601489
1771,1.2458655966607923
1772,1.0821539088615344
1773,1.0837151769684694
1774,1.0271302188572973
1775,1.0556663742661672
1776,1.0730662494089074
1777,1.1346424167019158
1778,1.0908409399018848
1779,1.099390422846134
1780,1.006719544548605
1781,1.0646274248333998
1782,1.2610995328769676
1783,1.2870102402617116
1784,0.9685889823348045
1785,1.0194281361184199
1786,1.0886321475278684
1787,1.0122274677185334
1788,0.9694874187925764
1789,1.237322322036779
1790,1.1951292670087728
1791,1.024972045808114
1792,0.9677451128021539
1793,1.0774375070720366
1794,1.1421581735115247
1795,1.3810746983378475
1796,1.1832680632788923
1797,1.0921147263377167
1798,1.0747557267530032
1799,1.188860782012066
1800,1.2182664478577248
1801,1.0844765268468797
1802,0.8419636706343399
1803,0.9011003421652368
1804,1.2208142390043866
1805,0.8423288600200282
1806,1.1366645630236225
1807,1.0747908607759087
1808,0.9980834008105786
1809,1.0634231923769177
1810,1.1298071649055084
1811,1.1783534233539723
1812,1.2432247431914598
1813,0.9584182902835127
1814,1.0382707964774747
1815,0.9899211477968765
1816,0.968121207348825
1817,0.9559256919489297
1818,1.0106766913692051
1819,1.0223656684014206
1820,0.7214814202163337
1821,1.0742791952909738
1822,1.3043386503227459
1823,1.0174478765619537
1824,0.9652487744377719
1825,1.147199255229076
1826,1.1811272608300218
1827,1.3613709794321864
1828,1.0415213784380826
1829,1.0835174209519924
1830,1.086865065363132
1831,1.0070685859902964
1832,0.9704454107492931
1833,1.0206908328415336
1834,1.1543465636865007
1835,0.9107059331940994
1836,1.0470039971115563
1837,0.9305564950196847
1838,1.1389512265157744
1839,1.1919512133667034
1840,1.179526743212379
1841,0.9530143258327547
1842,0.9660492578978499
1843,1.184817515500025
1844,0.8647947646392615
1845,1.3406225988705
1846,0.9869111540656182
1847,1.1912675971341133
1848,1.355169072018477
1849,1.0438205273023864
1850,1.1557253377984333
1851,1.183744595960801
1852,1.4291211613285446
1853,1.3748114264721345
1854,1.261447419601429
1855,1.5401398063723035
1856,1.5384748291249137
1857,1.2128903256740968
1858,1.2985366761738455
1859,1.1960332585279096
1860,1.4245177041205328
1861,1.3558414734884323
1862,1.1852057226772832
1863,1.1951195926359721
1864,1.24061014182333
1865,1.3215185440915662
1866,1.3311095401309772
1867,1.3550963212200304
1868,1.5623892048203878
1869,1.42293977987664
1870,1.2758423410624342
1871,1.4674388527061821
1872,1.2593676541674657
1873,1.3236245621073746
1874,1.4508566576216164
1875,1.6550827512702726
1876,1.4940355295441814
1877,1.5041140407033202
1878,1.6693503535892456
1879,1.4261762765086654
1880,1.4620406033686546
1881,1.5912805014690103
1882,1.3717642316519925
1883,1.3442526628604947
1884,1.5327926638328426
1885,1.3361763901426442
1886,1.0932508742927083
1887,1.224122461646484
1888,1.168579097946943
1889,1.373176546835624
1890,1.4040395717034844
1891,1.6182443456097575
1892,1.3798139716466076
1893,1.358343981509354
1894,1.030161797075811
1895,1.0513791174316842
1896,1.1320825102672032
1897,1.2259263332866506
1898,1.361300519637035
1899,1.2560297105365128
1900,1.320098253690934
1901,1.4957921334794007
1902,1.2585068305462517
1903,1.4661467641042556
1904,1.7933069593967395
1905,1.1716916187992614
1906,1.2125554213179874
1907,1.6712920922322863
1908,1.3772182941506954
1909,1.586704650761112
1910,1.099988440291398
1911,1.0815926957620616
1912,1.1899423793437358
1913,1.3890945754020139
1914,1.0975978578464838
1915,1.2197412918959787
1916,0.9959093279779224
1917,1.437942331639499
1918,1.2004587505153188
1919,1.249789998976931
1920,0.8099225248051319
1921,0.9118908624253675
1922,1.120960128602963
1923,1.167129399155034
1924,1.0226970012926746
1925,0.9679951688566999
1926,1.0789766774556526
1927,1.1027134749855785
1928,1.2021573837792667
1929,1.1864693226396636
1930,1.1775247990984778
1931,1.3178093254516512
1932,1.231457996669182
1933,1.0285662264836
1934,1.2386606558577797
1935,1.079617045446839
1936,1.347119313739726
1937,1.3912225944529177
1938,1.2951860238316668
1939,1.4369001829538897
1940,1.3793505148111966
1941,1.3922136018450761
1942,1.3958180687530024
1943,1.3772143265884325
1944,1.354008454942272
1945,1.2424173590837686
1946,1.2374366391134595
1947,1.235848677372514
1948,1.1632402334451772
1949,1.3202931311797723
1950,1.2167981573641211
1951,1.2273864370181555
1952,1.3189957070917733
1953,1.371785772565177
1954,1.4348990341728312
1955,1.288110646895811
1956,1.4155525982169752
1957,1.5476853036432512
1958,1.49313330841787
1959,1.6330205457282294
1960,1.466329174083257
1961,1.5428848946515257
1962,1.5057924919183168
1963,1.7308099962795649
1964,1.394008649441204
1965,1.8121546568870015
1966,1.670467190066604
1967,1.7199971971729664
1968,1.7525413033050874
1969,1.3457461418368135
1970,1.4834963290889722
1971,1.7464215142948045
1972,1.4461986111167748
1973,1.4449182618314553
1974,1.6559480768194397
1975,1.4635447424847405
1976,1.43256431541986
1977,1.2339840838207579
1978,1.440132528190176
1979,1.2732882318349905
1980,1.2724465222941395
1981,1.4876349848425425
1982,1.5423196840215805
1983,1.3213975086420768
1984,1.3780741233904275
1985,1.2744728825004499
1986,1.329469296871657
1987,1.2569839364023903
1988,1.2809151526645086
1989,1.326514946766948
1990,1.2035716474063716
1991,1.4439649592833323
1992,1.3907583417779765
1993,1.3466517327104754
1994,1.33513527133051
1995,1.2803863566553175
1996,1.3654811098927135
1997,1.3467440892599636
1998,1.5861218793697391
1999,1.199569121089078
2000,1.490142218121271
