Residue,RMSF
SYSTEM_THR104,1.4137105786215474
SYSTEM_HIS105,2.204801772671416
SYSTEM_VAL106,1.6058116839200616
SYSTEM_GLN107,1.4860988252156184
SYSTEM_GLY108,1.6471793359827132
SYSTEM_ARG109,1.5029666759622045
SYSTEM_VAL110,1.230398568411791
SYSTEM_TYR111,1.2935757821949803
SYSTEM_ASN112,1.6432456134978268
SYSTEM_PHE113,1.6577446694180458
SYSTEM_LEU114,1.5250590357939198
SYSTEM_GLU115,1.3512029176883475
SYSTEM_ARG116,1.1645796547503753
SYSTEM_PRO117,1.043372426575184
SYSTEM_THR118,1.3615600284757783
SYSTEM_GLY119,1.1640943295361383
SYSTEM_TRP120,1.0644605726851823
SYSTEM_LYS121,1.103310767844774
SYSTEM_CYS122,1.0558105767697887
SYSTEM_PHE123,0.8750352615804183
SYSTEM_VAL124,0.8974354139233222
SYSTEM_TYR125,0.990277718488667
SYSTEM_HIS126,0.9345206048694684
SYSTEM_PHE127,0.8817489037183265
SYSTEM_ALA128,0.9584169240734173
SYSTEM_VAL129,1.031730732912341
SYSTEM_PHE130,0.9274374637914301
SYSTEM_LEU131,0.9581532368404918
SYSTEM_ILE132,1.021593133543406
SYSTEM_VAL133,0.9779463106517544
SYSTEM_LEU134,0.95343233844144
SYSTEM_VAL135,1.0282181082295478
SYSTEM_CYS136,1.0530213299688043
SYSTEM_LEU137,1.0269356108047436
SYSTEM_ILE138,1.046310464710928
SYSTEM_PHE139,1.097974419459895
SYSTEM_SER140,1.1695560668552911
SYSTEM_VAL141,1.2034344929600835
SYSTEM_LEU142,1.3230240421430564
SYSTEM_SER143,1.5485573371213055
SYSTEM_THR144,1.9484903050061266
SYSTEM_ILE145,1.7397020592334633
SYSTEM_GLU146,1.7767819451666313
SYSTEM_GLN147,1.7043558734576707
SYSTEM_TYR148,1.5045000334918117
SYSTEM_ALA149,1.5107861748657234
SYSTEM_ALA150,1.5586254985843013
SYSTEM_LEU151,1.5249719341857695
SYSTEM_ALA152,1.3939333670086902
SYSTEM_THR153,1.4375467632096313
SYSTEM_GLY154,1.4868259098660295
SYSTEM_THR155,1.4037330261621572
SYSTEM_LEU156,1.3245651692649993
SYSTEM_PHE157,1.4205896672011393
SYSTEM_TRP158,1.4480050970598548
SYSTEM_MET159,1.3530316764168617
SYSTEM_GLU160,1.3909408922761655
SYSTEM_ILE161,1.4947843399331582
SYSTEM_VAL162,1.517350698042734
SYSTEM_LEU163,1.4075385519436607
SYSTEM_VAL164,1.5206907396178222
SYSTEM_VAL165,1.6805311538676295
SYSTEM_PHE166,1.5734574471271612
SYSTEM_PHE167,1.4221659116852001
SYSTEM_GLY168,1.612203604985444
SYSTEM_THR169,1.6926697925114063
SYSTEM_GLU170,1.5361112413763238
SYSTEM_TYR171,1.563485825086106
SYSTEM_VAL172,1.6489907779754238
SYSTEM_VAL173,1.6559638571615602
SYSTEM_ARG174,1.603310060641639
SYSTEM_LEU175,1.604403913370519
SYSTEM_TRP176,1.6389399424057667
SYSTEM_SER177,1.5606540118567036
SYSTEM_ALA178,1.690921955197412
SYSTEM_GLY179,1.5169593703328308
SYSTEM_CYS180,1.3713944272326777
SYSTEM_ARG181,1.4507980899579531
SYSTEM_SER182,1.509626025288141
SYSTEM_LYS183,1.725679094423561
SYSTEM_TYR184,1.8203500706988982
SYSTEM_VAL185,1.9399455960355045
SYSTEM_GLY186,2.1928150104565987
SYSTEM_LEU187,2.2638209164692498
SYSTEM_TRP188,2.2968932488907527
SYSTEM_GLY189,2.036509061482774
SYSTEM_ARG190,1.9082182203649332
SYSTEM_LEU191,2.1109367213928527
SYSTEM_ARG192,2.0656821129763356
SYSTEM_PHE193,1.7626114232522165
SYSTEM_ALA194,1.8697118920304838
SYSTEM_ARG195,2.028471390608489
SYSTEM_LYS196,1.8119293687676739
SYSTEM_PRO197,1.817524231230972
SYSTEM_ILE198,1.7333591572847962
SYSTEM_SER199,1.7174021393832999
SYSTEM_ILE200,1.781647892278746
SYSTEM_ILE201,1.7117297396398157
SYSTEM_ASP202,1.7166171735831752
SYSTEM_LEU203,1.7745577349221948
SYSTEM_ILE204,1.7516395458001022
SYSTEM_VAL205,1.6746719021027263
SYSTEM_VAL206,1.7689646855205954
SYSTEM_VAL207,1.8664169225166019
SYSTEM_ALA208,1.7727873554105122
SYSTEM_SER209,1.7488717706691543
SYSTEM_MET210,1.9013820324038924
SYSTEM_VAL211,1.9279757034987504
SYSTEM_VAL212,1.8074499438430456
SYSTEM_LEU213,1.8590537051140699
SYSTEM_CYS214,2.0435868991685964
SYSTEM_VAL215,2.0301412887424073
SYSTEM_GLY216,1.914809020283222
SYSTEM_SER217,2.1125706621837885
SYSTEM_LYS218,2.400634423203906
SYSTEM_GLY219,2.617100089597298
SYSTEM_GLN220,2.558601519341194
SYSTEM_VAL221,2.62543739313504
SYSTEM_PHE222,2.105629911505769
SYSTEM_ALA223,2.1902572068275448
SYSTEM_THR224,2.10684601786296
SYSTEM_SER225,2.0233376199819872
SYSTEM_ALA226,1.9920544085425964
SYSTEM_ILE227,1.7850731420131536
SYSTEM_ARG228,1.536125394947129
SYSTEM_GLY229,1.5483638971400069
SYSTEM_ILE230,1.5695439441898096
SYSTEM_ARG231,1.4470364531099298
SYSTEM_PHE232,1.319741141294712
SYSTEM_LEU233,1.3361437710250899
SYSTEM_GLN234,1.3498348347347677
SYSTEM_ILE235,1.2379356568300945
SYSTEM_LEU236,1.1665630526904047
SYSTEM_ARG237,1.0427371717590217
SYSTEM_MET238,1.0561055453313757
SYSTEM_LEU239,1.1625156505660506
SYSTEM_HIS240,1.1473497004803828
SYSTEM_VAL241,0.9222218513560249
SYSTEM_ASP242,0.8669499146992079
SYSTEM_ARG243,1.0418374991202346
SYSTEM_GLN244,1.1701866663795208
SYSTEM_GLY245,1.083473913689512
SYSTEM_GLY246,1.0189605313925623
SYSTEM_THR247,0.7991190262023914
SYSTEM_TRP248,0.9271468795722786
SYSTEM_ARG249,1.0860682976351792
SYSTEM_LEU250,0.9151216335089646
SYSTEM_LEU251,0.8020628993271225
SYSTEM_GLY252,0.9359125428893681
SYSTEM_SER253,0.9656314489839766
SYSTEM_VAL254,0.7711833051042563
SYSTEM_VAL255,0.7266653747947553
SYSTEM_PHE256,0.8401592972992428
SYSTEM_ILE257,0.8362773348846108
SYSTEM_HIS258,0.702322435735502
SYSTEM_ARG259,0.7726975405239308
SYSTEM_GLN260,0.7843252620757238
SYSTEM_GLU261,0.7692377619331463
SYSTEM_LEU262,0.7827959332887983
SYSTEM_ILE263,0.9047694113151907
SYSTEM_THR264,0.8174493826937022
SYSTEM_THR265,0.851020928397177
SYSTEM_LEU266,0.9732190488331603
SYSTEM_TYR267,0.9472498857169865
SYSTEM_ILE268,0.8036922604273334
SYSTEM_GLY269,0.9227320859194923
SYSTEM_PHE270,0.9160176479912027
SYSTEM_LEU271,0.884042321521854
SYSTEM_GLY272,0.9172449050619705
SYSTEM_LEU273,0.9343338975079207
SYSTEM_ILE274,0.9379782205947844
SYSTEM_PHE275,1.14484838654293
SYSTEM_SER276,1.2243898047930475
SYSTEM_SER277,1.0289784177123606
SYSTEM_TYR278,1.0604027485839915
SYSTEM_PHE279,1.1413941937236256
SYSTEM_VAL280,0.9808703977943162
SYSTEM_TYR281,0.9307746746783894
SYSTEM_LEU282,1.0915871970992541
SYSTEM_ALA283,1.1155588959188525
SYSTEM_GLU284,1.0663677878173305
SYSTEM_LYS285,1.3994176540007979
SYSTEM_ASP286,1.891668895855835
SYSTEM_ALA287,2.2721499611258595
SYSTEM_VAL288,2.5132876337920895
SYSTEM_ASN289,3.069844051824387
SYSTEM_GLU290,3.7942678111634556
SYSTEM_SER291,3.87732448867847
SYSTEM_GLY292,3.175813159603887
SYSTEM_ARG293,2.358448593270818
SYSTEM_VAL294,1.6177997345083543
SYSTEM_GLU295,1.0792423310640051
SYSTEM_PHE296,0.958177514753237
SYSTEM_GLY297,1.0545296672047624
SYSTEM_SER298,0.8892822221176455
SYSTEM_TYR299,0.8347056101807091
SYSTEM_ALA300,0.8253358818621641
SYSTEM_ASP301,0.8001880759258084
SYSTEM_ALA302,0.7990818738062914
SYSTEM_LEU303,0.7972427081831901
SYSTEM_TRP304,0.7878255627066257
SYSTEM_TRP305,0.7949313704579313
SYSTEM_GLY306,0.8499175132613572
SYSTEM_VAL307,0.8700505719224326
SYSTEM_VAL308,0.8978738707544318
SYSTEM_THR309,0.9435670160595979
SYSTEM_VAL310,0.9660470496662521
SYSTEM_THR311,1.0789851224755103
SYSTEM_THR312,0.8747228289237773
SYSTEM_ILE313,0.9161959600868036
SYSTEM_GLY314,0.937005651732349
SYSTEM_TYR315,0.8592298848080553
SYSTEM_GLY316,0.9031136960218693
SYSTEM_ASP317,0.9151536842560769
SYSTEM_LYS318,0.9602530293259693
SYSTEM_VAL319,1.1237365010193137
SYSTEM_PRO320,0.9045455563880248
SYSTEM_GLN321,0.897073054562475
SYSTEM_THR322,0.9152222235420807
SYSTEM_TRP323,0.8983895094521834
SYSTEM_VAL324,0.9686401282158491
SYSTEM_GLY325,0.9015941000972716
SYSTEM_LYS326,0.7157679994883765
SYSTEM_THR327,0.7416129271161953
SYSTEM_ILE328,0.847183266342699
SYSTEM_ALA329,0.8139424523846357
SYSTEM_SER330,0.6915037227503616
SYSTEM_CYS331,0.9038817862275588
SYSTEM_PHE332,1.1371392467092558
SYSTEM_SER333,0.9358087295706831
SYSTEM_VAL334,0.8744404360108226
SYSTEM_PHE335,0.8046709871645883
SYSTEM_ALA336,0.8296626183213627
SYSTEM_ILE337,0.8317403428906575
SYSTEM_SER338,0.7412600675834533
SYSTEM_PHE339,0.6755765810190594
SYSTEM_PHE340,0.713492217792501
SYSTEM_ALA341,0.6738664353409879
SYSTEM_LEU342,0.629172721209501
SYSTEM_PRO343,0.6393336228223506
SYSTEM_ALA344,0.620815399764158
SYSTEM_GLY345,0.6081874652705015
SYSTEM_ILE346,0.5700508640416879
SYSTEM_LEU347,0.5872052454530102
SYSTEM_GLY348,0.6426502381487788
SYSTEM_SER349,0.6130439647745485
SYSTEM_GLY350,0.6241676022152081
SYSTEM_PHE351,0.6177525271500734
SYSTEM_ALA352,0.7296608753220086
SYSTEM_LEU353,0.7032795780337302
SYSTEM_LYS354,0.7098943799814681
SYSTEM_VAL355,0.79385165499564
SYSTEM_GLN356,1.001223717324787
SYSTEM_GLN357,0.9654550283996755
SYSTEM_LYS358,0.862788921172301
SYSTEM_GLN359,1.010547776785779
SYSTEM_ARG360,1.1420355067954482
SYSTEM_GLN361,1.0278020327071187
SYSTEM_LYS362,0.9068186185864949
SYSTEM_HIS363,0.8893703172853177
SYSTEM_PHE364,0.8767348873472549
SYSTEM_ASN365,0.8735442330922847
SYSTEM_ARG366,0.9479399031746576
SYSTEM_GLN367,0.9591249084336676
SYSTEM_ILE368,0.9759004952097456
SYSTEM_PRO369,0.9606791482306078
SYSTEM_ALA370,0.9636886660657897
SYSTEM_ALA371,0.9859765881531732
SYSTEM_ALA372,1.0383285851792308
SYSTEM_SER373,1.0941211107915192
SYSTEM_LEU374,1.1546909473644777
SYSTEM_ILE375,1.1883782161107168
SYSTEM_GLN376,1.230927636452319
SYSTEM_THR377,1.358083843583157
SYSTEM_ALA378,1.4397139947098354
SYSTEM_TRP379,1.456582544529006
SYSTEM_ARG380,1.6473258165261797
SYSTEM_CYS381,1.8844439935431014
SYSTEM_TYR382,1.9158961531486913
SYSTEM_ALA383,2.0913749112521836
SYSTEM_ALA384,2.4866793099542788
SYSTEM_GLU385,2.579216011830926
SYSTEM_ASN386,3.491758218179108
SYSTEM_PRO387,4.425074641991988
SYSTEM_THR104,3.0043984010645173
SYSTEM_HIS105,2.6137761797523056
SYSTEM_VAL106,2.350965191582825
SYSTEM_GLN107,1.72788448028876
SYSTEM_GLY108,1.932183304615558
SYSTEM_ARG109,2.1175040218172008
SYSTEM_VAL110,1.6365087918668255
SYSTEM_TYR111,1.5609010595200077
SYSTEM_ASN112,2.02707609981627
SYSTEM_PHE113,1.768746534323801
SYSTEM_LEU114,1.729241723153609
SYSTEM_GLU115,2.2324835463722974
SYSTEM_ARG116,2.136092758250618
SYSTEM_PRO117,1.7203049209779828
SYSTEM_THR118,1.8011964108091116
SYSTEM_GLY119,2.1858546963216976
SYSTEM_TRP120,1.8830066380854769
SYSTEM_LYS121,1.9005585950753106
SYSTEM_CYS122,1.8242856149128455
SYSTEM_PHE123,1.594490312376103
SYSTEM_VAL124,1.584802039326854
SYSTEM_TYR125,1.648594944334549
SYSTEM_HIS126,1.4101584786530537
SYSTEM_PHE127,1.3117023759542379
SYSTEM_ALA128,1.5043426578354069
SYSTEM_VAL129,1.4438051837666954
SYSTEM_PHE130,1.2351257385170935
SYSTEM_LEU131,1.3155920903009248
SYSTEM_ILE132,1.5140424496295277
SYSTEM_VAL133,1.3628257763060074
SYSTEM_LEU134,1.249327841556843
SYSTEM_VAL135,1.5058352178284635
SYSTEM_CYS136,1.645790038170633
SYSTEM_LEU137,1.4772325385133502
SYSTEM_ILE138,1.4742467302365254
SYSTEM_PHE139,1.5351073784844367
SYSTEM_SER140,1.2897910381939475
SYSTEM_VAL141,1.537870870878375
SYSTEM_LEU142,1.6165053269861902
SYSTEM_SER143,1.5454495679466733
SYSTEM_THR144,1.6542141695292742
SYSTEM_ILE145,1.6720640322446458
SYSTEM_GLU146,1.7740656138881163
SYSTEM_GLN147,1.659653326563267
SYSTEM_TYR148,1.6320031943062674
SYSTEM_ALA149,1.7529500205304405
SYSTEM_ALA150,2.1016382774601783
SYSTEM_LEU151,2.931851908867447
SYSTEM_ALA152,3.387843583803177
SYSTEM_THR153,2.3476844921962314
SYSTEM_GLY154,1.6760375330567652
SYSTEM_THR155,1.7767355190130996
SYSTEM_LEU156,1.6636842843631663
SYSTEM_PHE157,1.3713647893759358
SYSTEM_TRP158,1.4035006493646134
SYSTEM_MET159,1.4318406232406928
SYSTEM_GLU160,1.2796976069661714
SYSTEM_ILE161,1.3758655794367167
SYSTEM_VAL162,1.4392173717587176
SYSTEM_LEU163,1.258618906071644
SYSTEM_VAL164,1.3816862411151385
SYSTEM_VAL165,1.5567427519767
SYSTEM_PHE166,1.3171016047118955
SYSTEM_PHE167,1.2798189989798763
SYSTEM_GLY168,1.4749130395676544
SYSTEM_THR169,1.4135084957564836
SYSTEM_GLU170,1.2737539699583622
SYSTEM_TYR171,1.3494247023760912
SYSTEM_VAL172,1.4228854590842324
SYSTEM_VAL173,1.310635820037525
SYSTEM_ARG174,1.2962642113373846
SYSTEM_LEU175,1.4809828528837443
SYSTEM_TRP176,1.5108347450698614
SYSTEM_SER177,1.450799413132065
SYSTEM_ALA178,1.6918777754323475
SYSTEM_GLY179,2.777190368897884
SYSTEM_CYS180,1.9777226605368605
SYSTEM_ARG181,1.9569513817312336
SYSTEM_SER182,2.110387570969267
SYSTEM_LYS183,2.1486821702846997
SYSTEM_TYR184,2.1032390997624497
SYSTEM_VAL185,2.255820695177911
SYSTEM_GLY186,2.3107616932524517
SYSTEM_LEU187,2.218003345036851
SYSTEM_TRP188,2.1420263313812997
SYSTEM_GLY189,1.9979668119249754
SYSTEM_ARG190,1.9538121639118342
SYSTEM_LEU191,1.92430925956051
SYSTEM_ARG192,1.7690328632364776
SYSTEM_PHE193,1.6248413285565573
SYSTEM_ALA194,1.6779485583552733
SYSTEM_ARG195,1.8026320164915703
SYSTEM_LYS196,1.770530185340046
SYSTEM_PRO197,1.8780420714585255
SYSTEM_ILE198,1.885897424681674
SYSTEM_SER199,1.5602159894132586
SYSTEM_ILE200,1.687633631287802
SYSTEM_ILE201,1.8231175474975452
SYSTEM_ASP202,1.5936670465966527
SYSTEM_LEU203,1.5613457626276541
SYSTEM_ILE204,1.740735882528185
SYSTEM_VAL205,1.5968550666596673
SYSTEM_VAL206,1.497914438117567
SYSTEM_VAL207,1.710545986849633
SYSTEM_ALA208,1.7192622119245151
SYSTEM_SER209,1.5235694692091954
SYSTEM_MET210,1.7087806347418473
SYSTEM_VAL211,1.929881869228383
SYSTEM_VAL212,1.7337230798246446
SYSTEM_LEU213,1.86058393613369
SYSTEM_CYS214,2.244377193691817
SYSTEM_VAL215,2.2427909036022275
SYSTEM_GLY216,2.1225024125148932
SYSTEM_SER217,2.345937107476899
SYSTEM_LYS218,2.7592486184817555
SYSTEM_GLY219,2.8067579990722056
SYSTEM_GLN220,3.4262439293337916
SYSTEM_VAL221,3.391903757396285
SYSTEM_PHE222,2.8431387390859677
SYSTEM_ALA223,2.8953307062354527
SYSTEM_THR224,2.6802695109475554
SYSTEM_SER225,2.2180683775467798
SYSTEM_ALA226,1.8675548651166316
SYSTEM_ILE227,1.8143151875206298
SYSTEM_ARG228,1.7027199133773472
SYSTEM_GLY229,1.634816914168728
SYSTEM_ILE230,1.5659681309831173
SYSTEM_ARG231,1.4505160485490993
SYSTEM_PHE232,1.443929989616646
SYSTEM_LEU233,1.3781981909355683
SYSTEM_GLN234,1.288606412642968
SYSTEM_ILE235,1.3353138283002826
SYSTEM_LEU236,1.4245518272055018
SYSTEM_ARG237,1.1129775488712594
SYSTEM_MET238,1.7416951945141936
SYSTEM_LEU239,2.2946992952544814
SYSTEM_HIS240,1.6729113139295757
SYSTEM_VAL241,0.9810461900333463
SYSTEM_ASP242,1.0113082161420737
SYSTEM_ARG243,1.8280501766479877
SYSTEM_GLN244,1.8154882670463066
SYSTEM_GLY245,1.3455318652216635
SYSTEM_GLY246,0.8244775074878579
SYSTEM_THR247,0.7113261063308659
SYSTEM_TRP248,0.6503966427407386
SYSTEM_ARG249,0.6513546501155812
SYSTEM_LEU250,0.5990038775981054
SYSTEM_LEU251,0.61100838050048
SYSTEM_GLY252,0.6264235845889009
SYSTEM_SER253,0.6117782294076963
SYSTEM_VAL254,0.5787053099009344
SYSTEM_VAL255,0.6448274721303776
SYSTEM_PHE256,0.736133426899498
SYSTEM_ILE257,0.6875236252145895
SYSTEM_HIS258,0.6144779368310549
SYSTEM_ARG259,0.6957413194342632
SYSTEM_GLN260,0.7123014665954471
SYSTEM_GLU261,0.6734683184338873
SYSTEM_LEU262,0.643047984148404
SYSTEM_ILE263,0.6863463298406955
SYSTEM_THR264,0.6791043947584138
SYSTEM_THR265,0.6742727402890291
SYSTEM_LEU266,0.6773196896138841
SYSTEM_TYR267,0.7413485709749859
SYSTEM_ILE268,0.8210203647834184
SYSTEM_GLY269,0.8121740384296894
SYSTEM_PHE270,0.8858640135164552
SYSTEM_LEU271,0.9835746357776904
SYSTEM_GLY272,0.9711404726057211
SYSTEM_LEU273,0.9522779122192953
SYSTEM_ILE274,1.025920784999983
SYSTEM_PHE275,1.054091499312636
SYSTEM_SER276,1.003384182712477
SYSTEM_SER277,0.9849602780960025
SYSTEM_TYR278,1.0498183291911531
SYSTEM_PHE279,1.0506850233946052
SYSTEM_VAL280,0.9888728092625619
SYSTEM_TYR281,1.0352005520239909
SYSTEM_LEU282,1.095383599305939
SYSTEM_ALA283,1.0191845271654785
SYSTEM_GLU284,0.9912355233039243
SYSTEM_LYS285,1.074659444997558
SYSTEM_ASP286,1.2391719210903425
SYSTEM_ALA287,1.3204854158216088
SYSTEM_VAL288,1.8788508479765527
SYSTEM_ASN289,2.1355292718006997
SYSTEM_GLU290,2.7026545255975756
SYSTEM_SER291,2.969579594993989
SYSTEM_GLY292,2.937124350004769
SYSTEM_ARG293,2.4023302395542108
SYSTEM_VAL294,1.6161604370206457
SYSTEM_GLU295,1.7078107154970061
SYSTEM_PHE296,1.4582257122296545
SYSTEM_GLY297,1.8903702604487371
SYSTEM_SER298,1.291945719405054
SYSTEM_TYR299,1.078603991783516
SYSTEM_ALA300,1.0274246596928318
SYSTEM_ASP301,1.0596986895986014
SYSTEM_ALA302,1.0083890454640037
SYSTEM_LEU303,0.9023518829772693
SYSTEM_TRP304,0.8863770536046084
SYSTEM_TRP305,0.9143193538036619
SYSTEM_GLY306,0.8970389229279764
SYSTEM_VAL307,0.8973520669763867
SYSTEM_VAL308,0.9178248075765707
SYSTEM_THR309,0.8989827792358653
SYSTEM_VAL310,1.071335504746987
SYSTEM_THR311,1.0499241662133072
SYSTEM_THR312,1.0853983498207893
SYSTEM_ILE313,1.0744079168604397
SYSTEM_GLY314,1.2315044527436627
SYSTEM_TYR315,0.9748817562009948
SYSTEM_GLY316,1.1140980866569927
SYSTEM_ASP317,1.2355941084382551
SYSTEM_LYS318,1.1231853354259358
SYSTEM_VAL319,1.0902119130799086
SYSTEM_PRO320,0.9887158956857331
SYSTEM_GLN321,1.1753757474890227
SYSTEM_THR322,1.1115854701727879
SYSTEM_TRP323,1.1804468329715287
SYSTEM_VAL324,1.1564838041204324
SYSTEM_GLY325,1.0021667484980057
SYSTEM_LYS326,0.9035619700195862
SYSTEM_THR327,0.9215434908101234
SYSTEM_ILE328,0.9193798589945815
SYSTEM_ALA329,0.7852028916830728
SYSTEM_SER330,0.8158811389279654
SYSTEM_CYS331,0.9078720389423165
SYSTEM_PHE332,0.7407621082333016
SYSTEM_SER333,0.7258337956186601
SYSTEM_VAL334,0.8447586336241334
SYSTEM_PHE335,0.7911727342381731
SYSTEM_ALA336,0.7956905414129352
SYSTEM_ILE337,0.8394412374213736
SYSTEM_SER338,0.6688868851604971
SYSTEM_PHE339,0.6623188300221545
SYSTEM_PHE340,0.7144731903688631
SYSTEM_ALA341,0.69015100902601
SYSTEM_LEU342,0.6704182003942065
SYSTEM_PRO343,0.6659349045609149
SYSTEM_ALA344,0.629801916742565
SYSTEM_GLY345,0.6485159863911818
SYSTEM_ILE346,0.7039394359673529
SYSTEM_LEU347,0.6017099024955413
SYSTEM_GLY348,0.6271202913553935
SYSTEM_SER349,0.6482655460526356
SYSTEM_GLY350,0.6335101980098423
SYSTEM_PHE351,0.5799854715006736
SYSTEM_ALA352,0.709283654787406
SYSTEM_LEU353,0.7149414887747344
SYSTEM_LYS354,0.6438381661111598
SYSTEM_VAL355,0.6304941908926229
SYSTEM_GLN356,0.8055754339701245
SYSTEM_GLN357,0.7734883331536699
SYSTEM_LYS358,0.6911471316481393
SYSTEM_GLN359,0.7551573903605204
SYSTEM_ARG360,0.8617076978168455
SYSTEM_GLN361,0.7470092541671749
SYSTEM_LYS362,0.8871968796887288
SYSTEM_HIS363,0.9750750042997843
SYSTEM_PHE364,0.8825939126133364
SYSTEM_ASN365,0.9796344175187022
SYSTEM_ARG366,1.0988310036750941
SYSTEM_GLN367,1.0236179031440285
SYSTEM_ILE368,0.9707050191714045
SYSTEM_PRO369,1.2512367730967313
SYSTEM_ALA370,1.3287480553563258
SYSTEM_ALA371,1.1363561161369973
SYSTEM_ALA372,1.2717861329702727
SYSTEM_SER373,1.5912020501852255
SYSTEM_LEU374,1.3903086943870675
SYSTEM_ILE375,1.2117263275861823
SYSTEM_GLN376,1.5414173110387037
SYSTEM_THR377,1.5898389151519852
SYSTEM_ALA378,1.3299450482352047
SYSTEM_TRP379,1.5295031276309135
SYSTEM_ARG380,1.6989300913536065
SYSTEM_CYS381,1.5278338236610107
SYSTEM_TYR382,1.6683857915843348
SYSTEM_ALA383,1.9558528232528316
SYSTEM_ALA384,2.00166946093936
SYSTEM_GLU385,2.873527343808033
SYSTEM_ASN386,4.294208882788013
SYSTEM_PRO387,6.099053406347044
SYSTEM_THR104,3.780800740535668
SYSTEM_HIS105,2.3008321371730247
SYSTEM_VAL106,1.9133220253500836
SYSTEM_GLN107,1.9624501851400509
SYSTEM_GLY108,1.925248863620689
SYSTEM_ARG109,1.713366646499966
SYSTEM_VAL110,1.554106888600271
SYSTEM_TYR111,1.5791716329139605
SYSTEM_ASN112,1.4999872849008529
SYSTEM_PHE113,1.3200263742279132
SYSTEM_LEU114,1.2417354729817525
SYSTEM_GLU115,1.3317201984291054
SYSTEM_ARG116,1.4314322547030984
SYSTEM_PRO117,1.4068101099523136
SYSTEM_THR118,1.3840052690006655
SYSTEM_GLY119,1.3458472365918492
SYSTEM_TRP120,1.3322935150484725
SYSTEM_LYS121,1.296933186844231
SYSTEM_CYS122,1.2433689960002803
SYSTEM_PHE123,1.2176782465944742
SYSTEM_VAL124,1.18637914053136
SYSTEM_TYR125,1.1531417056672157
SYSTEM_HIS126,1.117820638319616
SYSTEM_PHE127,1.1076085011179395
SYSTEM_ALA128,1.0769078204541478
SYSTEM_VAL129,1.0337076498660605
SYSTEM_PHE130,0.9970593815895064
SYSTEM_LEU131,1.000433731797254
SYSTEM_ILE132,0.9539233839496708
SYSTEM_VAL133,0.9081274148383113
SYSTEM_LEU134,0.9113820749748633
SYSTEM_VAL135,0.8880135750894922
SYSTEM_CYS136,0.8660924972397188
SYSTEM_LEU137,0.8717865106337849
SYSTEM_ILE138,0.7977775133338619
SYSTEM_PHE139,0.8083864859651083
SYSTEM_SER140,0.8650193906774385
SYSTEM_VAL141,0.8800377562393211
SYSTEM_LEU142,0.860936139731529
SYSTEM_SER143,0.8868813616971281
SYSTEM_THR144,0.9427181976841603
SYSTEM_ILE145,1.0048589097520721
SYSTEM_GLU146,1.2847399263406154
SYSTEM_GLN147,1.2493450413925182
SYSTEM_TYR148,1.0999093787874143
SYSTEM_ALA149,1.0809298753828391
SYSTEM_ALA150,1.2086466903259903
SYSTEM_LEU151,1.1715737840273028
SYSTEM_ALA152,1.0016187141907555
SYSTEM_THR153,1.033462010658949
SYSTEM_GLY154,1.1449098817023065
SYSTEM_THR155,1.0815555145831608
SYSTEM_LEU156,1.0265314342246228
SYSTEM_PHE157,1.1399602448071495
SYSTEM_TRP158,1.2697286137785717
SYSTEM_MET159,1.1390204408326183
SYSTEM_GLU160,1.1505969145474353
SYSTEM_ILE161,1.1847680707820907
SYSTEM_VAL162,1.161648932315723
SYSTEM_LEU163,1.120047131306151
SYSTEM_VAL164,1.1689321462677538
SYSTEM_VAL165,1.2134340049508647
SYSTEM_PHE166,1.1125975438819264
SYSTEM_PHE167,1.063229756992044
SYSTEM_GLY168,1.2065366639743438
SYSTEM_THR169,1.2533112541422615
SYSTEM_GLU170,1.205626355978236
SYSTEM_TYR171,1.2316014051730795
SYSTEM_VAL172,1.3705418681168982
SYSTEM_VAL173,1.344575848870373
SYSTEM_ARG174,1.236568406385522
SYSTEM_LEU175,1.4178855562338208
SYSTEM_TRP176,1.583294885679183
SYSTEM_SER177,1.4177723855254438
SYSTEM_ALA178,1.4159038871843452
SYSTEM_GLY179,1.7758001027884984
SYSTEM_CYS180,1.8446738464477337
SYSTEM_ARG181,1.7080607804051124
SYSTEM_SER182,1.9521652193526766
SYSTEM_LYS183,1.815725005217565
SYSTEM_TYR184,1.6890208597142327
SYSTEM_VAL185,1.8356296771324985
SYSTEM_GLY186,1.8271994206622981
SYSTEM_LEU187,1.801434186537054
SYSTEM_TRP188,1.706834787209131
SYSTEM_GLY189,1.6220312423367345
SYSTEM_ARG190,1.604183564920536
SYSTEM_LEU191,1.5878166747759195
SYSTEM_ARG192,1.4979483191299678
SYSTEM_PHE193,1.4224055024172941
SYSTEM_ALA194,1.4487993620045463
SYSTEM_ARG195,1.528657677225269
SYSTEM_LYS196,1.4139063286640146
SYSTEM_PRO197,1.395504440793103
SYSTEM_ILE198,1.2943240240226603
SYSTEM_SER199,1.2854448579722548
SYSTEM_ILE200,1.3020309689374183
SYSTEM_ILE201,1.1190847570967106
SYSTEM_ASP202,1.1230875483539506
SYSTEM_LEU203,1.2715462901476724
SYSTEM_ILE204,1.2066541121343017
SYSTEM_VAL205,1.125032366175879
SYSTEM_VAL206,1.3164785370767327
SYSTEM_VAL207,1.3459121658562085
SYSTEM_ALA208,1.2728682193461744
SYSTEM_SER209,1.537872127077604
SYSTEM_MET210,1.6451646714946306
SYSTEM_VAL211,1.490876481266042
SYSTEM_VAL212,1.7984890941799936
SYSTEM_LEU213,2.132998515967694
SYSTEM_CYS214,2.0723259242304923
SYSTEM_VAL215,2.0138120021365618
SYSTEM_GLY216,2.782064743182922
SYSTEM_SER217,2.7586522820180646
SYSTEM_LYS218,3.0975324505941706
SYSTEM_GLY219,3.1019720162227205
SYSTEM_GLN220,2.972307399616958
SYSTEM_VAL221,2.7933642455294194
SYSTEM_PHE222,2.1611525590919936
SYSTEM_ALA223,2.698700871004365
SYSTEM_THR224,2.5457513962700706
SYSTEM_SER225,1.9141490532873244
SYSTEM_ALA226,1.9400094885856132
SYSTEM_ILE227,1.6204300680305184
SYSTEM_ARG228,1.327666787671824
SYSTEM_GLY229,1.5533258190824195
SYSTEM_ILE230,1.43858549635604
SYSTEM_ARG231,1.0781528601002712
SYSTEM_PHE232,1.1552912731607021
SYSTEM_LEU233,1.1373278482105713
SYSTEM_GLN234,0.8362193939247154
SYSTEM_ILE235,0.8461645642794521
SYSTEM_LEU236,0.89953436992273
SYSTEM_ARG237,0.783771767329718
SYSTEM_MET238,0.7994061720285561
SYSTEM_LEU239,0.9322731566432533
SYSTEM_HIS240,0.9830740608289987
SYSTEM_VAL241,1.02481230126201
SYSTEM_ASP242,1.1044656253302307
SYSTEM_ARG243,1.4307775463329233
SYSTEM_GLN244,1.4508211592836555
SYSTEM_GLY245,1.4730634649179477
SYSTEM_GLY246,1.264143196765943
SYSTEM_THR247,1.0326272774071876
SYSTEM_TRP248,0.7728505966055046
SYSTEM_ARG249,0.8247256277508638
SYSTEM_LEU250,0.7348436594789602
SYSTEM_LEU251,0.6755161273103856
SYSTEM_GLY252,0.7275834740718546
SYSTEM_SER253,0.7349750296557043
SYSTEM_VAL254,0.6566823308466857
SYSTEM_VAL255,0.6711245705838036
SYSTEM_PHE256,0.7632664838515364
SYSTEM_ILE257,0.7322282141325158
SYSTEM_HIS258,0.6754148758375315
SYSTEM_ARG259,0.7163795418269213
SYSTEM_GLN260,0.7392928543384106
SYSTEM_GLU261,0.726687116018481
SYSTEM_LEU262,0.6897384666296932
SYSTEM_ILE263,0.698463983522481
SYSTEM_THR264,0.6975903510352199
SYSTEM_THR265,0.6890829990115487
SYSTEM_LEU266,0.7263978524332232
SYSTEM_TYR267,0.7215562451320378
SYSTEM_ILE268,0.7192862567621671
SYSTEM_GLY269,0.7822488191889453
SYSTEM_PHE270,0.7478355845092785
SYSTEM_LEU271,0.7266883610622199
SYSTEM_GLY272,0.7906105031457983
SYSTEM_LEU273,0.8028380603213902
SYSTEM_ILE274,0.7609619260122901
SYSTEM_PHE275,0.7851641843900531
SYSTEM_SER276,0.8376845577795752
SYSTEM_SER277,0.7703435372093819
SYSTEM_TYR278,0.9681030498787045
SYSTEM_PHE279,1.1782527722292868
SYSTEM_VAL280,1.0035063122024892
SYSTEM_TYR281,1.082002251008425
SYSTEM_LEU282,1.3731099653931358
SYSTEM_ALA283,1.4127437232960256
SYSTEM_GLU284,1.2586378404352567
SYSTEM_LYS285,1.5807982736030353
SYSTEM_ASP286,1.9391737309912063
SYSTEM_ALA287,1.6436794598966282
SYSTEM_VAL288,1.4986063826700275
SYSTEM_ASN289,1.2892660063354542
SYSTEM_GLU290,1.4851214104157875
SYSTEM_SER291,1.930093341452881
SYSTEM_GLY292,2.300996470582518
SYSTEM_ARG293,1.9451343122133764
SYSTEM_VAL294,2.371290030323924
SYSTEM_GLU295,2.8924471668677225
SYSTEM_PHE296,1.9663711802995028
SYSTEM_GLY297,1.7207166371629703
SYSTEM_SER298,1.1869355432470834
SYSTEM_TYR299,0.9838064499521665
SYSTEM_ALA300,0.933138532063398
SYSTEM_ASP301,0.7699406302846369
SYSTEM_ALA302,0.7260540111740563
SYSTEM_LEU303,0.7150146875207256
SYSTEM_TRP304,0.6683679729959904
SYSTEM_TRP305,0.6322783153685149
SYSTEM_GLY306,0.6673583579474305
SYSTEM_VAL307,0.680715916227326
SYSTEM_VAL308,0.6573665762145693
SYSTEM_THR309,0.677111753412583
SYSTEM_VAL310,0.8615497301938126
SYSTEM_THR311,0.8943758979538459
SYSTEM_THR312,0.9760198343653249
SYSTEM_ILE313,0.9148986897753861
SYSTEM_GLY314,1.0651120259575153
SYSTEM_TYR315,1.0861646343817175
SYSTEM_GLY316,1.2581678857405025
SYSTEM_ASP317,1.2339397130226413
SYSTEM_LYS318,1.0608414215544502
SYSTEM_VAL319,0.8221346995497054
SYSTEM_PRO320,0.8446716069666577
SYSTEM_GLN321,0.825433018019419
SYSTEM_THR322,1.0460312997468562
SYSTEM_TRP323,1.2753939585109964
SYSTEM_VAL324,1.3160950412491714
SYSTEM_GLY325,0.9732589448780141
SYSTEM_LYS326,0.8907050182387045
SYSTEM_THR327,1.088335080556457
SYSTEM_ILE328,0.9895019775887345
SYSTEM_ALA329,0.7983511855015701
SYSTEM_SER330,1.03420774812765
SYSTEM_CYS331,1.1642424173955668
SYSTEM_PHE332,1.0872934347841599
SYSTEM_SER333,1.4753941755328388
SYSTEM_VAL334,1.4801202039170829
SYSTEM_PHE335,1.0805822083931371
SYSTEM_ALA336,0.8629752483858215
SYSTEM_ILE337,0.7702141379074268
SYSTEM_SER338,0.7993341149940137
SYSTEM_PHE339,0.8196776010119815
SYSTEM_PHE340,1.0754382101418107
SYSTEM_ALA341,0.9613354588957922
SYSTEM_LEU342,0.7636523300597988
SYSTEM_PRO343,0.7588999866780285
SYSTEM_ALA344,0.6938208006413971
SYSTEM_GLY345,0.682949320242749
SYSTEM_ILE346,0.6266921914788178
SYSTEM_LEU347,0.5999885003074439
SYSTEM_GLY348,0.6084970925446455
SYSTEM_SER349,0.62439791679707
SYSTEM_GLY350,0.648975688172889
SYSTEM_PHE351,0.604166747830251
SYSTEM_ALA352,0.6357928807431561
SYSTEM_LEU353,0.6916259455974302
SYSTEM_LYS354,0.7226185648587516
SYSTEM_VAL355,0.682606347398852
SYSTEM_GLN356,0.9085204476193665
SYSTEM_GLN357,0.870303398027113
SYSTEM_LYS358,0.8790891047623128
SYSTEM_GLN359,1.0475163730757981
SYSTEM_ARG360,1.036426695732063
SYSTEM_GLN361,1.0032702160407265
SYSTEM_LYS362,1.16833200557223
SYSTEM_HIS363,1.0896953322121714
SYSTEM_PHE364,1.1222649040775354
SYSTEM_ASN365,1.2315818068133244
SYSTEM_ARG366,1.5935838819528654
SYSTEM_GLN367,1.2999403548301456
SYSTEM_ILE368,1.645611919809431
SYSTEM_PRO369,1.5692189469853215
SYSTEM_ALA370,1.378785514458586
SYSTEM_ALA371,1.4951672276845487
SYSTEM_ALA372,1.7265450711599322
SYSTEM_SER373,1.699250344293857
SYSTEM_LEU374,1.6401220240490797
SYSTEM_ILE375,1.8994119057003507
SYSTEM_GLN376,1.9914369164430998
SYSTEM_THR377,1.8868085151236875
SYSTEM_ALA378,2.060327798846155
SYSTEM_TRP379,2.393110066042076
SYSTEM_ARG380,2.829404789658993
SYSTEM_CYS381,2.7835072801155616
SYSTEM_TYR382,2.502986010397106
SYSTEM_ALA383,2.889462277453648
SYSTEM_ALA384,3.387036638826295
SYSTEM_GLU385,3.364547496196731
SYSTEM_ASN386,3.624386643691141
SYSTEM_PRO387,4.271811923209749
SYSTEM_THR104,2.5985597091836055
SYSTEM_HIS105,2.1421178875095173
SYSTEM_VAL106,1.9160054417479888
SYSTEM_GLN107,1.8741093355815603
SYSTEM_GLY108,1.715536591198196
SYSTEM_ARG109,1.5295215623574738
SYSTEM_VAL110,1.4946436221696628
SYSTEM_TYR111,1.567411051758218
SYSTEM_ASN112,1.4870833773518066
SYSTEM_PHE113,1.2883466981328173
SYSTEM_LEU114,1.3610896969111426
SYSTEM_GLU115,1.5645918303261923
SYSTEM_ARG116,1.4872954417124435
SYSTEM_PRO117,1.2621163671070377
SYSTEM_THR118,1.5990682684758832
SYSTEM_GLY119,1.477760276428209
SYSTEM_TRP120,1.3495947981679075
SYSTEM_LYS121,1.4155871613672402
SYSTEM_CYS122,1.2569345265329201
SYSTEM_PHE123,1.0768894710316264
SYSTEM_VAL124,1.0702196620022024
SYSTEM_TYR125,1.0820044675040386
SYSTEM_HIS126,0.9884522196149242
SYSTEM_PHE127,0.8969439011294515
SYSTEM_ALA128,0.9703952865442411
SYSTEM_VAL129,0.979990794209164
SYSTEM_PHE130,0.9156767385728537
SYSTEM_LEU131,0.9493134978830771
SYSTEM_ILE132,0.8970742029767255
SYSTEM_VAL133,0.8562420266752624
SYSTEM_LEU134,0.9313992168020044
SYSTEM_VAL135,0.9166578236868356
SYSTEM_CYS136,0.8273669297490046
SYSTEM_LEU137,0.8321470616276082
SYSTEM_ILE138,1.0546010943834339
SYSTEM_PHE139,1.1423913939581791
SYSTEM_SER140,1.0934035784906522
SYSTEM_VAL141,1.1621227373746494
SYSTEM_LEU142,1.2704803553230808
SYSTEM_SER143,1.0832296454555288
SYSTEM_THR144,1.0465848385299616
SYSTEM_ILE145,1.1167599914486532
SYSTEM_GLU146,1.3568493261866525
SYSTEM_GLN147,1.2928209911474813
SYSTEM_TYR148,1.5530309183835072
SYSTEM_ALA149,1.795438046550103
SYSTEM_ALA150,2.3355379134751364
SYSTEM_LEU151,1.7376437812288095
SYSTEM_ALA152,1.662532253354638
SYSTEM_THR153,1.6175119855171958
SYSTEM_GLY154,1.7241113924421607
SYSTEM_THR155,1.6591152235568032
SYSTEM_LEU156,1.4996062317269876
SYSTEM_PHE157,1.6945536976308
SYSTEM_TRP158,1.7474907452805855
SYSTEM_MET159,1.5951724583212246
SYSTEM_GLU160,1.6301234799526794
SYSTEM_ILE161,1.7531098374656824
SYSTEM_VAL162,1.5063128014323135
SYSTEM_LEU163,1.3804535661885053
SYSTEM_VAL164,1.454975199118464
SYSTEM_VAL165,1.434092275850016
SYSTEM_PHE166,1.295023765956026
SYSTEM_PHE167,1.232105334902895
SYSTEM_GLY168,1.3339436840214116
SYSTEM_THR169,1.336426191489032
SYSTEM_GLU170,1.2398413412824765
SYSTEM_TYR171,1.265187304949622
SYSTEM_VAL172,1.344004274483815
SYSTEM_VAL173,1.3819231423132479
SYSTEM_ARG174,1.3355724281134296
SYSTEM_LEU175,1.3864649852040736
SYSTEM_TRP176,1.566261268655481
SYSTEM_SER177,1.9023037224824788
SYSTEM_ALA178,1.950876594135037
SYSTEM_GLY179,2.5295668187515643
SYSTEM_CYS180,2.275292685782473
SYSTEM_ARG181,1.562105998632171
SYSTEM_SER182,1.634801439856685
SYSTEM_LYS183,1.8845911417626262
SYSTEM_TYR184,1.7862597407772867
SYSTEM_VAL185,2.28672379402461
SYSTEM_GLY186,2.3711040972680584
SYSTEM_LEU187,2.2271092517272466
SYSTEM_TRP188,1.9794262416032842
SYSTEM_GLY189,1.9111670012743929
SYSTEM_ARG190,1.7927666586642539
SYSTEM_LEU191,1.650759283645886
SYSTEM_ARG192,1.5709334674763435
SYSTEM_PHE193,1.6127123395783078
SYSTEM_ALA194,1.590265626928368
SYSTEM_ARG195,1.5194827896487273
SYSTEM_LYS196,1.59151261349474
SYSTEM_PRO197,1.6043315302621384
SYSTEM_ILE198,1.4184898879033427
SYSTEM_SER199,1.413212434861933
SYSTEM_ILE200,1.467567966441775
SYSTEM_ILE201,1.295123345998958
SYSTEM_ASP202,1.2452239837645036
SYSTEM_LEU203,1.455242589316748
SYSTEM_ILE204,1.427160927788223
SYSTEM_VAL205,1.2093942842629493
SYSTEM_VAL206,1.3959476892505631
SYSTEM_VAL207,1.6245619687506754
SYSTEM_ALA208,1.4964688591355515
SYSTEM_SER209,1.4269482668648623
SYSTEM_MET210,1.7084806054153705
SYSTEM_VAL211,1.8166729675514315
SYSTEM_VAL212,1.6791278950425264
SYSTEM_LEU213,1.8176453056715474
SYSTEM_CYS214,2.07560793125042
SYSTEM_VAL215,2.089330941069476
SYSTEM_GLY216,2.0769293975681253
SYSTEM_SER217,2.411920608475652
SYSTEM_LYS218,2.6330222082098786
SYSTEM_GLY219,3.0292772952662874
SYSTEM_GLN220,3.6199731848576517
SYSTEM_VAL221,4.403515493677939
SYSTEM_PHE222,3.9635542256830423
SYSTEM_ALA223,3.924905336375823
SYSTEM_THR224,2.9518485107675354
SYSTEM_SER225,2.2406605001094455
SYSTEM_ALA226,1.7892736629035204
SYSTEM_ILE227,1.7616100681225138
SYSTEM_ARG228,1.775918362365641
SYSTEM_GLY229,1.596049747973358
SYSTEM_ILE230,1.4503199490602978
SYSTEM_ARG231,1.5772677998014597
SYSTEM_PHE232,1.5365193069156948
SYSTEM_LEU233,1.2965733919047315
SYSTEM_GLN234,1.3251877661570235
SYSTEM_ILE235,1.281926631449681
SYSTEM_LEU236,1.1836629039777466
SYSTEM_ARG237,1.0459364547838639
SYSTEM_MET238,0.9632929711975647
SYSTEM_LEU239,1.057231038561074
SYSTEM_HIS240,1.086670861519168
SYSTEM_VAL241,1.0653989328680535
SYSTEM_ASP242,1.0474411335007447
SYSTEM_ARG243,1.4850574452355854
SYSTEM_GLN244,1.4981310544538387
SYSTEM_GLY245,1.3653332515021903
SYSTEM_GLY246,1.9068802194426897
SYSTEM_THR247,1.5119451666918042
SYSTEM_TRP248,1.2545753064441527
SYSTEM_ARG249,1.196035900808231
SYSTEM_LEU250,1.1184606527455863
SYSTEM_LEU251,0.9618449623341961
SYSTEM_GLY252,0.8819670573953666
SYSTEM_SER253,0.9185278949630749
SYSTEM_VAL254,0.8434502884813893
SYSTEM_VAL255,0.7828686033663869
SYSTEM_PHE256,0.9043347229047746
SYSTEM_ILE257,0.8841631466926889
SYSTEM_HIS258,0.6513805549610338
SYSTEM_ARG259,0.6606756918937419
SYSTEM_GLN260,0.6226980425427822
SYSTEM_GLU261,0.5921629879269175
SYSTEM_LEU262,0.5553124039331433
SYSTEM_ILE263,0.5711592385403108
SYSTEM_THR264,0.6040735392377172
SYSTEM_THR265,0.64204470323498
SYSTEM_LEU266,0.6544550601857549
SYSTEM_TYR267,0.6425144636096599
SYSTEM_ILE268,0.6869783854755576
SYSTEM_GLY269,0.757328117525004
SYSTEM_PHE270,0.7519004592816244
SYSTEM_LEU271,0.7788785792891352
SYSTEM_GLY272,0.7812702974820253
SYSTEM_LEU273,0.7617360427660139
SYSTEM_ILE274,0.7826030816420783
SYSTEM_PHE275,0.801072888939686
SYSTEM_SER276,0.7416592730008436
SYSTEM_SER277,0.7047157395411051
SYSTEM_TYR278,0.8438432806506916
SYSTEM_PHE279,0.8964801167830355
SYSTEM_VAL280,0.8171631513995333
SYSTEM_TYR281,0.829753966342343
SYSTEM_LEU282,0.9777283200113025
SYSTEM_ALA283,1.0071697233145156
SYSTEM_GLU284,0.976216622340803
SYSTEM_LYS285,1.1201033412428758
SYSTEM_ASP286,1.2744030225197593
SYSTEM_ALA287,1.2711171598579825
SYSTEM_VAL288,1.3260485133449385
SYSTEM_ASN289,2.143323731923678
SYSTEM_GLU290,2.7488512130295937
SYSTEM_SER291,3.556492039125419
SYSTEM_GLY292,2.3799246351223506
SYSTEM_ARG293,1.5789194209483137
SYSTEM_VAL294,1.1281118357896918
SYSTEM_GLU295,1.024435217983068
SYSTEM_PHE296,0.9029905900367562
SYSTEM_GLY297,1.0132500164138007
SYSTEM_SER298,0.8778886205282341
SYSTEM_TYR299,0.8058371749942893
SYSTEM_ALA300,0.7855391154518748
SYSTEM_ASP301,0.8023686312064305
SYSTEM_ALA302,0.7464300736882495
SYSTEM_LEU303,0.7175790866588887
SYSTEM_TRP304,0.7352058142248825
SYSTEM_TRP305,0.6992462576086789
SYSTEM_GLY306,0.7068607790708823
SYSTEM_VAL307,0.6711848704139753
SYSTEM_VAL308,0.614586845145879
SYSTEM_THR309,0.6614103510507473
SYSTEM_VAL310,0.7197796193573914
SYSTEM_THR311,0.6324162855226145
SYSTEM_THR312,0.684074112134864
SYSTEM_ILE313,0.9430105212873098
SYSTEM_GLY314,1.421543305988284
SYSTEM_TYR315,1.0675196434146914
SYSTEM_GLY316,1.386531771302962
SYSTEM_ASP317,1.3663497139625769
SYSTEM_LYS318,1.0508814012540677
SYSTEM_VAL319,0.9652569799429006
SYSTEM_PRO320,0.888566481964507
SYSTEM_GLN321,1.0895993182913477
SYSTEM_THR322,1.108267301855546
SYSTEM_TRP323,1.0943816981612022
SYSTEM_VAL324,1.0127209687990548
SYSTEM_GLY325,0.8811433267885624
SYSTEM_LYS326,0.8532956459005965
SYSTEM_THR327,0.838659105474382
SYSTEM_ILE328,0.7809666001939444
SYSTEM_ALA329,0.7222951581949214
SYSTEM_SER330,0.740848005822744
SYSTEM_CYS331,0.7727815042186905
SYSTEM_PHE332,0.692667389553003
SYSTEM_SER333,0.6426497481203812
SYSTEM_VAL334,0.7519184813514423
SYSTEM_PHE335,0.7363227883732455
SYSTEM_ALA336,0.6085652953673202
SYSTEM_ILE337,0.6236231052378943
SYSTEM_SER338,0.6805545099299924
SYSTEM_PHE339,0.6766291979131023
SYSTEM_PHE340,0.6249891766717773
SYSTEM_ALA341,0.5943586537386356
SYSTEM_LEU342,0.582633125512046
SYSTEM_PRO343,0.6044871352916035
SYSTEM_ALA344,0.675323091854087
SYSTEM_GLY345,0.6286567429742888
SYSTEM_ILE346,0.5638381766338093
SYSTEM_LEU347,0.6244479170981232
SYSTEM_GLY348,0.6581637048129262
SYSTEM_SER349,0.689651395674663
SYSTEM_GLY350,0.6919724764949059
SYSTEM_PHE351,0.6957699342435715
SYSTEM_ALA352,0.7246356894995979
SYSTEM_LEU353,0.7518599178520505
SYSTEM_LYS354,0.7860742108342595
SYSTEM_VAL355,0.8247081230575883
SYSTEM_GLN356,1.1210570749435538
SYSTEM_GLN357,1.4663064034751745
SYSTEM_LYS358,2.361854695465492
SYSTEM_GLN359,1.944218396735625
SYSTEM_ARG360,1.6035496680672556
SYSTEM_GLN361,1.403314315432701
SYSTEM_LYS362,1.4595873157785186
SYSTEM_HIS363,1.4375977695885596
SYSTEM_PHE364,1.287118608677784
SYSTEM_ASN365,1.4141372880148924
SYSTEM_ARG366,1.5469869506601228
SYSTEM_GLN367,1.3503645659399268
SYSTEM_ILE368,1.41508591511063
SYSTEM_PRO369,1.5221659431894856
SYSTEM_ALA370,1.4131723009215102
SYSTEM_ALA371,1.1885751464295031
SYSTEM_ALA372,1.2322863628452063
SYSTEM_SER373,1.3183331479566438
SYSTEM_LEU374,1.17858021336699
SYSTEM_ILE375,1.0541966122345656
SYSTEM_GLN376,1.1864833082494242
SYSTEM_THR377,1.234373370173296
SYSTEM_ALA378,1.123955145494344
SYSTEM_TRP379,1.1776057415279475
SYSTEM_ARG380,1.2903171495757446
SYSTEM_CYS381,1.3434046517980869
SYSTEM_TYR382,1.3759655122117667
SYSTEM_ALA383,1.6356466078049345
SYSTEM_ALA384,2.2991064588598413
SYSTEM_GLU385,2.4811415289290335
SYSTEM_ASN386,4.389248655637997
SYSTEM_PRO387,5.524880460673032
SYSTEM_LEU506,8.713926954902153
SYSTEM_ARG507,6.492763606531819
SYSTEM_GLU508,4.50358553531218
SYSTEM_HIS509,3.5112504328424476
SYSTEM_HIS510,3.1271089325173893
SYSTEM_ARG511,2.792279789683609
SYSTEM_ALA512,2.442820266283433
SYSTEM_THR513,2.3043346467201955
SYSTEM_ILE514,2.104019919000095
SYSTEM_LYS515,1.9360771492932956
SYSTEM_VAL516,1.9105589197727955
SYSTEM_ILE517,1.8435937118609997
SYSTEM_ARG518,1.6244528290625233
SYSTEM_ARG519,1.5977085603569556
SYSTEM_MET520,1.612589380453359
SYSTEM_GLN521,1.5160688264979936
SYSTEM_TYR522,1.3482613450405212
SYSTEM_PHE523,1.382980535961076
SYSTEM_VAL524,1.3970749996164118
SYSTEM_ALA525,1.2752563618743427
SYSTEM_LYS526,1.2643772892719503
SYSTEM_LYS527,1.374787302144459
SYSTEM_LYS528,1.3979179886520443
SYSTEM_PHE529,1.3234824186583642
SYSTEM_GLN530,1.4374142672699706
SYSTEM_GLN531,1.6608494441205548
SYSTEM_ALA532,1.772196757062339
SYSTEM_ARG533,1.472661592193055
SYSTEM_LYS534,1.5762896252064134
SYSTEM_PRO535,1.7681351127641498
SYSTEM_TYR536,1.6150851171815195
SYSTEM_ASP537,0.9291686378505747
SYSTEM_VAL538,0.7711217297210579
SYSTEM_ARG539,0.8400995441475863
SYSTEM_ASP540,0.7120722087720848
SYSTEM_VAL541,0.6828138109168048
SYSTEM_ILE542,0.8105098964150775
SYSTEM_GLU543,0.7624830106671158
SYSTEM_GLN544,0.7811905449864042
SYSTEM_TYR545,1.1057983178345807
SYSTEM_SER546,1.4411197247808942
SYSTEM_GLN547,1.3804609862518227
SYSTEM_GLY548,1.9334097091881972
SYSTEM_HIS549,3.0285322350547466
SYSTEM_LEU550,2.5511068230869993
SYSTEM_ASN551,2.66508010476186
SYSTEM_LEU552,2.093630895968694
SYSTEM_MET553,1.5668825866088454
SYSTEM_VAL554,2.0694098087441857
SYSTEM_ARG555,2.329534557989233
SYSTEM_ILE556,1.9325883542633606
SYSTEM_LYS557,2.225951381201583
SYSTEM_GLU558,2.796894088061469
SYSTEM_LEU559,2.7799781009907014
SYSTEM_GLN560,2.9293405342883956
SYSTEM_ARG561,3.6503074578865715
SYSTEM_ARG562,5.189869956556782
SYSTEM_LEU506,4.378881020061824
SYSTEM_ARG507,3.8876578650897375
SYSTEM_GLU508,3.734693254927029
SYSTEM_HIS509,4.0118215716235355
SYSTEM_HIS510,3.390804579902203
SYSTEM_ARG511,2.531716449950145
SYSTEM_ALA512,2.375109957632556
SYSTEM_THR513,2.1419852062933455
SYSTEM_ILE514,1.949029435355912
SYSTEM_LYS515,1.7825694436432982
SYSTEM_VAL516,1.699838012930619
SYSTEM_ILE517,1.6411566030447906
SYSTEM_ARG518,1.4702178486088424
SYSTEM_ARG519,1.4463031081810336
SYSTEM_MET520,1.5325374646544274
SYSTEM_GLN521,1.4366881617859941
SYSTEM_TYR522,1.2681311988493091
SYSTEM_PHE523,1.3388968376673251
SYSTEM_VAL524,1.3735869298912338
SYSTEM_ALA525,1.2512011344747993
SYSTEM_LYS526,1.2590523970311953
SYSTEM_LYS527,1.3022840470241959
SYSTEM_LYS528,1.2935891954521275
SYSTEM_PHE529,1.3013131847932897
SYSTEM_GLN530,1.3853847808213342
SYSTEM_GLN531,1.3149362989137994
SYSTEM_ALA532,1.4453191172329847
SYSTEM_ARG533,1.4605664336120132
SYSTEM_LYS534,1.5560485392014338
SYSTEM_PRO535,1.929766255846813
SYSTEM_TYR536,1.7966760436206366
SYSTEM_ASP537,1.5882153770187533
SYSTEM_VAL538,1.249363411424514
SYSTEM_ARG539,1.4624377054503486
SYSTEM_ASP540,1.2571603134657292
SYSTEM_VAL541,1.1582072616221197
SYSTEM_ILE542,0.9975043164714109
SYSTEM_GLU543,1.1399697483041515
SYSTEM_GLN544,1.1514499974699381
SYSTEM_TYR545,1.0438719007661983
SYSTEM_SER546,1.2234925068606597
SYSTEM_GLN547,1.133954120778072
SYSTEM_GLY548,1.1130232347603954
SYSTEM_HIS549,1.2397802772296718
SYSTEM_LEU550,1.5298651509995216
SYSTEM_ASN551,1.507284745711434
SYSTEM_LEU552,1.1466853044075602
SYSTEM_MET553,1.1584841498385796
SYSTEM_VAL554,1.3188739304534178
SYSTEM_ARG555,1.4264104818828025
SYSTEM_ILE556,1.3518935135924628
SYSTEM_LYS557,1.3263444062915537
SYSTEM_GLU558,1.3184480938936813
SYSTEM_LEU559,1.2744942653936604
SYSTEM_GLN560,1.744980069402862
SYSTEM_ARG561,2.2677844344966473
SYSTEM_ARG562,2.448625006023837
SYSTEM_LEU506,13.332295471690967
SYSTEM_ARG507,12.062697607281818
SYSTEM_GLU508,12.180290555593235
SYSTEM_HIS509,11.852765797518384
SYSTEM_HIS510,11.409652233465968
SYSTEM_ARG511,9.543271249703219
SYSTEM_ALA512,8.11348153496332
SYSTEM_THR513,6.255840052360536
SYSTEM_ILE514,4.637983146279094
SYSTEM_LYS515,3.321096715814732
SYSTEM_VAL516,2.3088513001412694
SYSTEM_ILE517,2.456946525569372
SYSTEM_ARG518,2.291821439507099
SYSTEM_ARG519,1.9918230545251423
SYSTEM_MET520,1.9630726786631036
SYSTEM_GLN521,1.6364967463516247
SYSTEM_TYR522,1.5121340940700725
SYSTEM_PHE523,1.7091237790085048
SYSTEM_VAL524,1.5809362685327035
SYSTEM_ALA525,1.2592368356098298
SYSTEM_LYS526,1.3643382634135628
SYSTEM_LYS527,1.5219730268392346
SYSTEM_LYS528,1.2607611887097478
SYSTEM_PHE529,1.0385240081726637
SYSTEM_GLN530,1.343673653273938
SYSTEM_GLN531,1.4648852636375107
SYSTEM_ALA532,1.1181978806988484
SYSTEM_ARG533,1.059349774822639
SYSTEM_LYS534,0.979730382906085
SYSTEM_PRO535,0.9384666570336334
SYSTEM_TYR536,0.9751878947376825
SYSTEM_ASP537,1.0115062625487121
SYSTEM_VAL538,1.1562614558301045
SYSTEM_ARG539,1.033156215572074
SYSTEM_ASP540,0.9360062300417292
SYSTEM_VAL541,1.0434267475175218
SYSTEM_ILE542,0.9778614390813277
SYSTEM_GLU543,1.0106788405293714
SYSTEM_GLN544,1.3729930042608776
SYSTEM_TYR545,1.0784789351094513
SYSTEM_SER546,1.1544158439516656
SYSTEM_GLN547,1.2566178582118892
SYSTEM_GLY548,1.2681623206810129
SYSTEM_HIS549,1.0533253818979407
SYSTEM_LEU550,1.0215126206202976
SYSTEM_ASN551,0.9670736348562424
SYSTEM_LEU552,0.9048915468045117
SYSTEM_MET553,0.9744097897541284
SYSTEM_VAL554,1.1106153346818626
SYSTEM_ARG555,1.15252422617893
SYSTEM_ILE556,1.1585643854742946
SYSTEM_LYS557,1.4906208777592782
SYSTEM_GLU558,1.775951512890793
SYSTEM_LEU559,1.7583872933058038
SYSTEM_GLN560,1.9175404809287144
SYSTEM_ARG561,2.8801120438743064
SYSTEM_ARG562,3.342444983915008
SYSTEM_LEU506,4.766522686570295
SYSTEM_ARG507,3.72513044954598
SYSTEM_GLU508,3.350587591601378
SYSTEM_HIS509,3.0762379869936276
SYSTEM_HIS510,2.7416909714626807
SYSTEM_ARG511,2.569602760336568
SYSTEM_ALA512,2.4561524834082955
SYSTEM_THR513,2.272912968957886
SYSTEM_ILE514,2.031910074068738
SYSTEM_LYS515,1.9131970575224322
SYSTEM_VAL516,1.9055755038935553
SYSTEM_ILE517,1.8023404315636582
SYSTEM_ARG518,1.5779146736438927
SYSTEM_ARG519,1.5950487090684902
SYSTEM_MET520,1.68647859307148
SYSTEM_GLN521,1.5280075644141429
SYSTEM_TYR522,1.3752694390674511
SYSTEM_PHE523,1.5329034153823076
SYSTEM_VAL524,1.5919132093173498
SYSTEM_ALA525,1.3915670879685265
SYSTEM_LYS526,1.3504383360039072
SYSTEM_LYS527,1.5425878313067614
SYSTEM_LYS528,1.5323786628089893
SYSTEM_PHE529,1.3490433332251508
SYSTEM_GLN530,1.4545236526692227
SYSTEM_GLN531,1.640857456605501
SYSTEM_ALA532,1.5249800479868485
SYSTEM_ARG533,1.4475132328068407
SYSTEM_LYS534,1.642399158430876
SYSTEM_PRO535,1.675744740321905
SYSTEM_TYR536,1.7261758611834008
SYSTEM_ASP537,1.9277508584003546
SYSTEM_VAL538,1.8104982125853086
SYSTEM_ARG539,1.4602378925557062
SYSTEM_ASP540,1.3948265033864578
SYSTEM_VAL541,1.2596882671930225
SYSTEM_ILE542,1.1102005745111851
SYSTEM_GLU543,1.304170279731235
SYSTEM_GLN544,1.2147217060582642
SYSTEM_TYR545,1.3040017575753657
SYSTEM_SER546,1.396860279549215
SYSTEM_GLN547,1.5938092786079532
SYSTEM_GLY548,1.827472282374458
SYSTEM_HIS549,1.5434829790067404
SYSTEM_LEU550,1.1600187434379199
SYSTEM_ASN551,1.0117419937147025
SYSTEM_LEU552,0.9741804116656115
SYSTEM_MET553,1.071941460015104
SYSTEM_VAL554,1.0435844472979336
SYSTEM_ARG555,0.9822872350953608
SYSTEM_ILE556,1.1857744348206019
SYSTEM_LYS557,1.3249434513213123
SYSTEM_GLU558,1.4222522092008798
SYSTEM_LEU559,1.7473481046046901
SYSTEM_GLN560,2.4306569644786182
SYSTEM_ARG561,2.725072511952199
SYSTEM_ARG562,3.221850385435769
SYSTEM_ARG53,2.56252491453665
SYSTEM_ASP54,2.116120602033381
SYSTEM_ASP55,1.5236477361694665
SYSTEM_ASN56,1.2150947022499545
SYSTEM_SER57,1.0387348067839395
SYSTEM_TYR58,1.0907301312006774
SYSTEM_MET59,0.9923069175372445
SYSTEM_TYR60,0.9000104505570179
SYSTEM_ILE61,0.941159691734613
SYSTEM_LEU62,0.9768817461445212
SYSTEM_PHE63,0.9181151857309856
SYSTEM_VAL64,0.8619325047661023
SYSTEM_MET65,0.8336991001478445
SYSTEM_PHE66,0.8883456913540131
SYSTEM_LEU67,0.8864411107886224
SYSTEM_PHE68,0.8561479785985769
SYSTEM_ALA69,0.8960915992186249
SYSTEM_VAL70,0.9329495356007393
SYSTEM_THR71,0.9025101233972251
SYSTEM_VAL72,0.9045660662779472
SYSTEM_GLY73,0.9949106535449486
SYSTEM_SER74,0.9921483820421293
SYSTEM_LEU75,0.988865286853383
SYSTEM_ILE76,1.0950671330763215
SYSTEM_LEU77,1.149054543133113
SYSTEM_GLY78,1.139102022329222
SYSTEM_TYR79,1.220813233801783
SYSTEM_THR80,1.2792025548454495
SYSTEM_ARG81,1.4658248777996676
SYSTEM_SER82,2.0805083791771968
SYSTEM_ARG83,1.9536378538619779
SYSTEM_LYS84,2.2324543641971615
SYSTEM_VAL85,1.8912566256384993
SYSTEM_ASP86,1.7687546630388087
SYSTEM_LYS87,1.6746467047075737
SYSTEM_ARG88,1.4824333709876212
SYSTEM_SER89,1.496567386738938
SYSTEM_ASP90,2.764253797347262
SYSTEM_PRO91,4.188528000964308
SYSTEM_TYR92,3.8546954812201335
SYSTEM_ARG53,3.1947843347488654
SYSTEM_ASP54,3.253284339299789
SYSTEM_ASP55,2.9019478518652377
SYSTEM_ASN56,2.5249151353245667
SYSTEM_SER57,1.6784186288998812
SYSTEM_TYR58,1.4764156871298617
SYSTEM_MET59,1.3599511614437594
SYSTEM_TYR60,1.085877508728334
SYSTEM_ILE61,0.9850899258119289
SYSTEM_LEU62,1.1142037668091918
SYSTEM_PHE63,1.034799501021435
SYSTEM_VAL64,0.8322732358157087
SYSTEM_MET65,0.8492217981535789
SYSTEM_PHE66,0.9305923819158137
SYSTEM_LEU67,0.8399005640114247
SYSTEM_PHE68,0.7377477140786625
SYSTEM_ALA69,0.8121960233324418
SYSTEM_VAL70,0.8495759540627216
SYSTEM_THR71,0.8153568901528081
SYSTEM_VAL72,0.800965591314944
SYSTEM_GLY73,0.8398131775769263
SYSTEM_SER74,0.8460128159953577
SYSTEM_LEU75,0.8851718979667873
SYSTEM_ILE76,0.8848160226910993
SYSTEM_LEU77,0.8664717727995948
SYSTEM_GLY78,0.9797615675930107
SYSTEM_TYR79,1.0749684891377038
SYSTEM_THR80,1.0309999204316067
SYSTEM_ARG81,1.1009486652325284
SYSTEM_SER82,1.482891230447779
SYSTEM_ARG83,1.638553609334668
SYSTEM_LYS84,1.6353609708517267
SYSTEM_VAL85,2.0942513895209087
SYSTEM_ASP86,1.5105386517147756
SYSTEM_LYS87,1.4513011211561024
SYSTEM_ARG88,1.473980121403146
SYSTEM_SER89,1.9035213699475935
SYSTEM_ASP90,1.6773144018406148
SYSTEM_PRO91,1.7657038795857052
SYSTEM_TYR92,1.7831197391332705
SYSTEM_ARG53,1.0688299492100153
SYSTEM_ASP54,1.20238195303021
SYSTEM_ASP55,1.3168503174987967
SYSTEM_ASN56,1.047793145189048
SYSTEM_SER57,0.7794632349139267
SYSTEM_TYR58,1.0648870474972414
SYSTEM_MET59,1.0255081246821744
SYSTEM_TYR60,0.7623403565266148
SYSTEM_ILE61,0.8387433464877475
SYSTEM_LEU62,1.0360825736128307
SYSTEM_PHE63,0.8778156488435688
SYSTEM_VAL64,0.7028291715074827
SYSTEM_MET65,0.8265134231187908
SYSTEM_PHE66,0.8848910233546821
SYSTEM_LEU67,0.7519648057924817
SYSTEM_PHE68,0.6981188214352566
SYSTEM_ALA69,0.8145965034414554
SYSTEM_VAL70,0.7998155274116576
SYSTEM_THR71,0.6886587308590898
SYSTEM_VAL72,0.7716845573002822
SYSTEM_GLY73,0.8644569349228393
SYSTEM_SER74,0.7760138294311736
SYSTEM_LEU75,0.7358596434249892
SYSTEM_ILE76,0.9075223614373752
SYSTEM_LEU77,0.9721109912806377
SYSTEM_GLY78,0.8442550287433424
SYSTEM_TYR79,0.9611717454394773
SYSTEM_THR80,1.2329180396867387
SYSTEM_ARG81,1.1407344145591212
SYSTEM_SER82,0.9815444184091522
SYSTEM_ARG83,1.207332371443044
SYSTEM_LYS84,1.3936510341100483
SYSTEM_VAL85,1.4268959154432013
SYSTEM_ASP86,1.4715204115840868
SYSTEM_LYS87,1.248652615648341
SYSTEM_ARG88,1.1707780622327375
SYSTEM_SER89,1.136627092088645
SYSTEM_ASP90,1.2354736311795855
SYSTEM_PRO91,1.3043995229088063
SYSTEM_TYR92,1.451255345842747
SYSTEM_ARG53,1.7875984303591392
SYSTEM_ASP54,1.5702369410319021
SYSTEM_ASP55,1.1499356507884664
SYSTEM_ASN56,1.1304620160495475
SYSTEM_SER57,1.0934550321621126
SYSTEM_TYR58,1.026041541153801
SYSTEM_MET59,0.9641206994084014
SYSTEM_TYR60,0.9498860444806062
SYSTEM_ILE61,0.9539680245633637
SYSTEM_LEU62,0.9097109161196688
SYSTEM_PHE63,0.9145262109326666
SYSTEM_VAL64,0.9436062798456185
SYSTEM_MET65,0.9060975845389396
SYSTEM_PHE66,0.8507053008145269
SYSTEM_LEU67,0.8714809880899897
SYSTEM_PHE68,0.868119694079474
SYSTEM_ALA69,0.8392033400719906
SYSTEM_VAL70,0.7848698205397275
SYSTEM_THR71,0.8465069171483648
SYSTEM_VAL72,0.917680314997261
SYSTEM_GLY73,0.8532586374682688
SYSTEM_SER74,0.7601269293911056
SYSTEM_LEU75,0.786789729694005
SYSTEM_ILE76,0.7690973090624666
SYSTEM_LEU77,0.7475630697719587
SYSTEM_GLY78,0.7340265156585453
SYSTEM_TYR79,0.7402421330747021
SYSTEM_THR80,0.7412993089337288
SYSTEM_ARG81,0.6992721623412136
SYSTEM_SER82,0.7817492694143859
SYSTEM_ARG83,0.9266229023072338
SYSTEM_LYS84,1.2695918601618619
SYSTEM_VAL85,1.688830034022578
SYSTEM_ASP86,1.5426621535701495
SYSTEM_LYS87,1.2898430475703377
SYSTEM_ARG88,1.0767057136211764
SYSTEM_SER89,0.9424280720758125
SYSTEM_ASP90,0.9104018388039682
SYSTEM_PRO91,0.9717047871529985
SYSTEM_TYR92,1.1310367849860279
SYSTEM_THR6,5.989734671621593
SYSTEM_GLU7,4.869725050194874
SYSTEM_GLU8,4.538625066730934
SYSTEM_GLN9,4.028055769997013
SYSTEM_ILE10,3.5649909394349955
SYSTEM_ALA11,3.3450494277911416
SYSTEM_GLU12,3.235310489035311
SYSTEM_PHE13,2.7598363285856244
SYSTEM_LYS14,2.6211821009894827
SYSTEM_GLU15,2.6556176404415837
SYSTEM_ALA16,2.453914742224209
SYSTEM_PHE17,2.1875817885084374
SYSTEM_SER18,2.4706039359180427
SYSTEM_LEU19,2.6868120108174494
SYSTEM_PHE20,2.3674705802320544
SYSTEM_ASP21,2.4549994148176744
SYSTEM_LYS22,2.8974013389117994
SYSTEM_ASP23,2.9007620630934845
SYSTEM_GLY24,2.7453132260924002
SYSTEM_ASP25,2.4866415788531455
SYSTEM_GLY26,2.215375984656532
SYSTEM_THR27,2.174873013924277
SYSTEM_ILE28,2.051336880597521
SYSTEM_THR29,2.2698877165587454
SYSTEM_THR30,2.265253826719105
SYSTEM_LYS31,2.484341137985859
SYSTEM_GLU32,2.2344320755039018
SYSTEM_LEU33,1.8776604832053612
SYSTEM_GLY34,2.0405174311268905
SYSTEM_THR35,2.181223125365807
SYSTEM_VAL36,1.8859454313348982
SYSTEM_MET37,1.724250636811494
SYSTEM_ARG38,1.9906005267855584
SYSTEM_SER39,2.0403417706227827
SYSTEM_LEU40,1.7680134768855655
SYSTEM_GLY41,1.8111188946287304
SYSTEM_GLN42,1.824314787813248
SYSTEM_ASN43,2.103679829407858
SYSTEM_PRO44,2.158349094725704
SYSTEM_THR45,2.3236169273216136
SYSTEM_GLU46,2.4242407913112465
SYSTEM_ALA47,2.3670649596038293
SYSTEM_GLU48,1.979465253937781
SYSTEM_LEU49,1.9817147341314023
SYSTEM_GLN50,2.209006411429052
SYSTEM_ASP51,1.9972597748362015
SYSTEM_MET52,1.7427415039719651
SYSTEM_ILE53,1.9954174298801703
SYSTEM_ASN54,2.204587651884202
SYSTEM_GLU55,2.0141138238523673
SYSTEM_VAL56,2.2181148708516973
SYSTEM_ASP57,2.502935732223522
SYSTEM_ALA58,2.8037138189487743
SYSTEM_ASP59,3.0638136248486356
SYSTEM_GLY60,2.941185989263874
SYSTEM_ASN61,2.6373318889814836
SYSTEM_GLY62,2.3730551289575224
SYSTEM_THR63,2.040960759616792
SYSTEM_ILE64,2.1976997254267885
SYSTEM_ASP65,2.3421067778176203
SYSTEM_PHE66,2.226970923777486
SYSTEM_PRO67,2.458740738098828
SYSTEM_GLU68,2.3729577056268614
SYSTEM_PHE69,2.0281845375551013
SYSTEM_LEU70,2.1706400913552897
SYSTEM_THR71,2.342480091959476
SYSTEM_MET72,2.077378722977659
SYSTEM_MET73,1.9668417219786147
SYSTEM_ALA74,2.2656663176336465
SYSTEM_ARG75,2.2821124697115147
SYSTEM_LYS76,2.1418469828145295
SYSTEM_MET77,1.725128956001091
SYSTEM_LYS78,1.7045847346250327
SYSTEM_ASP79,1.508809614984767
SYSTEM_THR80,1.5577763297848688
SYSTEM_ASP81,1.407408975866258
SYSTEM_SER82,1.1891902985336695
SYSTEM_GLU83,1.2753187870284453
SYSTEM_GLU84,1.259576042521787
SYSTEM_GLU85,1.1072939533699289
SYSTEM_ILE86,1.054648420347463
SYSTEM_ARG87,1.106928754549087
SYSTEM_GLU88,1.022628720312183
SYSTEM_ALA89,0.9750381398498902
SYSTEM_PHE90,0.9352141197156564
SYSTEM_ARG91,0.8989176314049647
SYSTEM_VAL92,1.0865356333034175
SYSTEM_PHE93,1.3207108772544227
SYSTEM_ASP94,1.4635842519061684
SYSTEM_LYS95,1.2878747891831677
SYSTEM_ASP96,1.23756395843016
SYSTEM_GLY97,1.161722478041712
SYSTEM_ASN98,1.1725523777094489
SYSTEM_GLY99,1.6737344436033204
SYSTEM_TYR100,1.6425452980073394
SYSTEM_ILE101,1.4869905373050971
SYSTEM_SER102,1.5264845871483435
SYSTEM_ALA103,1.455693165523722
SYSTEM_ALA104,1.405872502233736
SYSTEM_GLU105,1.2439793955155591
SYSTEM_LEU106,1.178560735024337
SYSTEM_ARG107,1.204354913889112
SYSTEM_HIS108,1.2079663973961001
SYSTEM_VAL109,1.103996608529858
SYSTEM_MET110,1.1004861585829502
SYSTEM_THR111,1.3570170493333782
SYSTEM_ASN112,1.3574880528458717
SYSTEM_LEU113,1.0487638234992862
SYSTEM_GLY114,1.1529119180674554
SYSTEM_GLU115,1.074593521272476
SYSTEM_LYS116,1.2059076703296134
SYSTEM_LEU117,1.1525602321069273
SYSTEM_THR118,1.2451133865012318
SYSTEM_ASP119,1.36735633280282
SYSTEM_GLU120,1.432409010484113
SYSTEM_GLU121,1.3309618742505256
SYSTEM_VAL122,1.2808313267682987
SYSTEM_ASP123,1.4544564713309958
SYSTEM_GLU124,1.5378384852669607
SYSTEM_MET125,1.431658263621634
SYSTEM_ILE126,1.4603594793910248
SYSTEM_ARG127,1.7354356656543948
SYSTEM_GLU128,1.8241507166470097
SYSTEM_ALA129,1.7448861481494806
SYSTEM_ASP130,1.8391818309691788
SYSTEM_ILE131,2.224401229790374
SYSTEM_ASP132,2.3318986930499213
SYSTEM_GLY133,2.262291624840497
SYSTEM_ASP134,1.9444693053380502
SYSTEM_GLY135,1.9711186917482515
SYSTEM_GLN136,1.8436962437888569
SYSTEM_VAL137,1.7267364065888167
SYSTEM_ASN138,1.9618572694204357
SYSTEM_TYR139,1.7478095790993302
SYSTEM_GLU140,1.8364454888251547
SYSTEM_GLU141,1.846553201399626
SYSTEM_PHE142,1.6496164606984989
SYSTEM_VAL143,1.6914118038882844
SYSTEM_GLN144,1.8108874721590005
SYSTEM_MET145,1.723413680018248
SYSTEM_MET146,1.7937615431694924
SYSTEM_THR147,2.0510002494096846
SYSTEM_ALA148,2.0550712905097415
SYSTEM_LYS149,2.5920067921815098
SYSTEM_THR6,8.096314443684879
SYSTEM_GLU7,5.579755496560004
SYSTEM_GLU8,5.064375824607957
SYSTEM_GLN9,4.525054393078007
SYSTEM_ILE10,4.254511866899147
SYSTEM_ALA11,4.263443940537672
SYSTEM_GLU12,3.4810487643981576
SYSTEM_PHE13,3.184303347084715
SYSTEM_LYS14,3.7109361375845142
SYSTEM_GLU15,3.974941010462553
SYSTEM_ALA16,3.495004540289562
SYSTEM_PHE17,3.481423387876959
SYSTEM_SER18,4.548034915782167
SYSTEM_LEU19,5.006566435284202
SYSTEM_PHE20,4.795561423930932
SYSTEM_ASP21,4.734911921314343
SYSTEM_LYS22,4.9200578529443195
SYSTEM_ASP23,4.204143488296284
SYSTEM_GLY24,4.369701937929139
SYSTEM_ASP25,4.284997199051023
SYSTEM_GLY26,4.267434781055469
SYSTEM_THR27,3.3673690637904783
SYSTEM_ILE28,3.20968401881619
SYSTEM_THR29,3.1163751524336583
SYSTEM_THR30,2.845592299889006
SYSTEM_LYS31,3.254865909893853
SYSTEM_GLU32,3.2152473835682036
SYSTEM_LEU33,2.691110880966134
SYSTEM_GLY34,2.8581267556900314
SYSTEM_THR35,3.2273867725053336
SYSTEM_VAL36,2.8723935973291175
SYSTEM_MET37,2.728029108658692
SYSTEM_ARG38,3.3225034438121455
SYSTEM_SER39,3.640397274476041
SYSTEM_LEU40,3.1864913303369025
SYSTEM_GLY41,3.6589588070297534
SYSTEM_GLN42,3.4684808095505817
SYSTEM_ASN43,3.019215814089119
SYSTEM_PRO44,3.4380171043929204
SYSTEM_THR45,3.237508769259413
SYSTEM_GLU46,3.2249071228360857
SYSTEM_ALA47,3.132037363596477
SYSTEM_GLU48,2.503922614011546
SYSTEM_LEU49,2.3729194265683824
SYSTEM_GLN50,2.583078477858216
SYSTEM_ASP51,2.251882919532175
SYSTEM_MET52,1.9237182975105076
SYSTEM_ILE53,2.1991435475408796
SYSTEM_ASN54,2.232328675112479
SYSTEM_GLU55,1.9473053426162743
SYSTEM_VAL56,2.1207301123599374
SYSTEM_ASP57,2.664442519472737
SYSTEM_ALA58,3.3262515539377073
SYSTEM_ASP59,3.533675358974225
SYSTEM_GLY60,3.7361635990006197
SYSTEM_ASN61,3.266127924235283
SYSTEM_GLY62,2.8826756836675433
SYSTEM_THR63,2.9554644726139965
SYSTEM_ILE64,2.757070003242208
SYSTEM_ASP65,2.946998365352748
SYSTEM_PHE66,2.8134045661832743
SYSTEM_PRO67,2.9067338260890536
SYSTEM_GLU68,2.6780845796056143
SYSTEM_PHE69,2.393139467382822
SYSTEM_LEU70,2.5495624566677693
SYSTEM_THR71,2.463330027242675
SYSTEM_MET72,2.0845925588628313
SYSTEM_MET73,2.1607847135613216
SYSTEM_ALA74,2.215035372671705
SYSTEM_ARG75,1.957503691972584
SYSTEM_LYS76,1.836422460920435
SYSTEM_MET77,1.6599789805859542
SYSTEM_LYS78,1.7324197727556205
SYSTEM_ASP79,1.7398020348054286
SYSTEM_THR80,1.668791933274061
SYSTEM_ASP81,1.5233767626709998
SYSTEM_SER82,1.3893413279303644
SYSTEM_GLU83,1.2851500832621354
SYSTEM_GLU84,1.2404043990521914
SYSTEM_GLU85,1.2022053006405584
SYSTEM_ILE86,1.0979930605448447
SYSTEM_ARG87,1.062658313791904
SYSTEM_GLU88,1.0817816262327677
SYSTEM_ALA89,1.0502190866778158
SYSTEM_PHE90,1.0224407403171107
SYSTEM_ARG91,1.0783408881508152
SYSTEM_VAL92,1.173509145020094
SYSTEM_PHE93,1.2102999770157985
SYSTEM_ASP94,1.159870719787331
SYSTEM_LYS95,1.6000813507448077
SYSTEM_ASP96,2.5894622375555167
SYSTEM_GLY97,2.454225180010653
SYSTEM_ASN98,2.332256059407695
SYSTEM_GLY99,1.8835254980838496
SYSTEM_TYR100,1.5192552329809934
SYSTEM_ILE101,1.5250107192142812
SYSTEM_SER102,1.61361165484744
SYSTEM_ALA103,1.6219117887902497
SYSTEM_ALA104,1.703615493592433
SYSTEM_GLU105,1.5950276638688932
SYSTEM_LEU106,1.4449262321559855
SYSTEM_ARG107,1.5223055624788324
SYSTEM_HIS108,1.626945519051517
SYSTEM_VAL109,1.6009200141145628
SYSTEM_MET110,1.525388406644156
SYSTEM_THR111,1.6669722769953168
SYSTEM_ASN112,1.6884842391502108
SYSTEM_LEU113,1.745683616899916
SYSTEM_GLY114,2.063537423826053
SYSTEM_GLU115,2.0404489406552813
SYSTEM_LYS116,2.13371912330379
SYSTEM_LEU117,2.0227235485383783
SYSTEM_THR118,2.183245446607155
SYSTEM_ASP119,2.1222394472495227
SYSTEM_GLU120,2.222210865360958
SYSTEM_GLU121,1.9125712772101184
SYSTEM_VAL122,1.637258668181535
SYSTEM_ASP123,1.8476260156478668
SYSTEM_GLU124,1.8401858882000606
SYSTEM_MET125,1.6174369944423175
SYSTEM_ILE126,1.6888120609034203
SYSTEM_ARG127,1.919918125135516
SYSTEM_GLU128,1.8627069018846307
SYSTEM_ALA129,1.8381874984769238
SYSTEM_ASP130,2.215918890921192
SYSTEM_ILE131,2.935163895608837
SYSTEM_ASP132,3.3523134384138746
SYSTEM_GLY133,3.3889763770375017
SYSTEM_ASP134,3.0813371213979157
SYSTEM_GLY135,2.969374561922099
SYSTEM_GLN136,2.4525811716782657
SYSTEM_VAL137,1.888418808685619
SYSTEM_ASN138,2.159711279125315
SYSTEM_TYR139,1.6110395074351165
SYSTEM_GLU140,1.5623135788832538
SYSTEM_GLU141,1.5898568614308144
SYSTEM_PHE142,1.409309155721495
SYSTEM_VAL143,1.2542355088117627
SYSTEM_GLN144,1.3705750219728114
SYSTEM_MET145,1.4413982828096947
SYSTEM_MET146,1.3080236072214513
SYSTEM_THR147,1.4655034368851723
SYSTEM_ALA148,1.6972558821001502
SYSTEM_LYS149,1.770925052749897
SYSTEM_THR6,8.673016869667658
SYSTEM_GLU7,6.845962416453686
SYSTEM_GLU8,5.158359857901069
SYSTEM_GLN9,3.7529002716134148
SYSTEM_ILE10,3.205282544144837
SYSTEM_ALA11,3.1756747061702857
SYSTEM_GLU12,2.633940414353628
SYSTEM_PHE13,2.175552477699537
SYSTEM_LYS14,2.4232210951580604
SYSTEM_GLU15,2.6244548286821927
SYSTEM_ALA16,2.2469369120412397
SYSTEM_PHE17,2.2612749359799804
SYSTEM_SER18,2.850077029231643
SYSTEM_LEU19,3.3099407734268547
SYSTEM_PHE20,3.365267816014755
SYSTEM_ASP21,3.471247393385471
SYSTEM_LYS22,3.932203751126911
SYSTEM_ASP23,5.453621906245552
SYSTEM_GLY24,6.528829589982898
SYSTEM_ASP25,6.17594022452219
SYSTEM_GLY26,6.514881158130951
SYSTEM_THR27,5.607922359560926
SYSTEM_ILE28,4.346476714612171
SYSTEM_THR29,3.5372580790608437
SYSTEM_THR30,3.3894083531493022
SYSTEM_LYS31,3.570013273863705
SYSTEM_GLU32,3.303508180024068
SYSTEM_LEU33,2.817101109205389
SYSTEM_GLY34,2.7723118117937346
SYSTEM_THR35,2.8762917275905124
SYSTEM_VAL36,2.4831757112832378
SYSTEM_MET37,2.051092952398681
SYSTEM_ARG38,2.327046893547048
SYSTEM_SER39,2.82456707237097
SYSTEM_LEU40,2.3102228202720236
SYSTEM_GLY41,2.515393297437064
SYSTEM_GLN42,2.529485874761206
SYSTEM_ASN43,2.750748291917215
SYSTEM_PRO44,2.829407598164451
SYSTEM_THR45,2.7474330815330386
SYSTEM_GLU46,3.0659846760545535
SYSTEM_ALA47,3.4489371774301185
SYSTEM_GLU48,3.2117364414982923
SYSTEM_LEU49,2.863076669522757
SYSTEM_GLN50,3.357406251823409
SYSTEM_ASP51,3.4775847829403213
SYSTEM_MET52,3.3604911493666405
SYSTEM_ILE53,2.5505274549530244
SYSTEM_ASN54,2.6135968268245042
SYSTEM_GLU55,2.8775594565606166
SYSTEM_VAL56,2.254917763355771
SYSTEM_ASP57,2.4409231539020713
SYSTEM_ALA58,3.192860459583627
SYSTEM_ASP59,3.5876754320843087
SYSTEM_GLY60,3.798757780757267
SYSTEM_ASN61,4.063639178509779
SYSTEM_GLY62,4.323239926824847
SYSTEM_THR63,4.145945891414429
SYSTEM_ILE64,3.701969045871053
SYSTEM_ASP65,3.618079145261662
SYSTEM_PHE66,3.1148157478040575
SYSTEM_PRO67,3.1646339338479974
SYSTEM_GLU68,3.061199221835241
SYSTEM_PHE69,2.5532464072522347
SYSTEM_LEU70,2.432592447595934
SYSTEM_THR71,2.5355983954714296
SYSTEM_MET72,2.1425445683972617
SYSTEM_MET73,2.005428281777031
SYSTEM_ALA74,2.2030728759519476
SYSTEM_ARG75,1.826000559616652
SYSTEM_LYS76,1.6196327938356914
SYSTEM_MET77,1.6814216251949414
SYSTEM_LYS78,1.9566601095854015
SYSTEM_ASP79,1.6865747662713684
SYSTEM_THR80,1.8246485230106593
SYSTEM_ASP81,1.6941130728625755
SYSTEM_SER82,1.6087367579374061
SYSTEM_GLU83,1.4996698281259027
SYSTEM_GLU84,1.492656810220532
SYSTEM_GLU85,1.4447157025631434
SYSTEM_ILE86,1.2476963665105187
SYSTEM_ARG87,1.3147532295025315
SYSTEM_GLU88,1.4368066539602693
SYSTEM_ALA89,1.4656671283091085
SYSTEM_PHE90,1.4292538180403294
SYSTEM_ARG91,1.4562593736603018
SYSTEM_VAL92,1.2250685561117665
SYSTEM_PHE93,1.3844395278004915
SYSTEM_ASP94,3.2780084538583174
SYSTEM_LYS95,3.6743616943911768
SYSTEM_ASP96,5.370301130279701
SYSTEM_GLY97,5.6800774131387435
SYSTEM_ASN98,5.099237009915286
SYSTEM_GLY99,3.4912056222983425
SYSTEM_TYR100,3.0057496422839107
SYSTEM_ILE101,2.088654206257471
SYSTEM_SER102,1.893933670100268
SYSTEM_ALA103,1.6980617278920438
SYSTEM_ALA104,1.979004626529536
SYSTEM_GLU105,1.9428149860854802
SYSTEM_LEU106,1.783882719005873
SYSTEM_ARG107,2.1516486315304255
SYSTEM_HIS108,2.341389181315638
SYSTEM_VAL109,1.9649979522392906
SYSTEM_MET110,1.5454310874211228
SYSTEM_THR111,1.4196373636894433
SYSTEM_ASN112,1.8158092335694391
SYSTEM_LEU113,1.4878370038622841
SYSTEM_GLY114,1.6377518718052968
SYSTEM_GLU115,1.6182125384597101
SYSTEM_LYS116,2.1189939536861786
SYSTEM_LEU117,2.0044879677249723
SYSTEM_THR118,2.398150100460812
SYSTEM_ASP119,3.34270295103057
SYSTEM_GLU120,3.0894436781868864
SYSTEM_GLU121,1.9851054417658387
SYSTEM_VAL122,2.8349976613359322
SYSTEM_ASP123,3.560563073860089
SYSTEM_GLU124,2.473480321198384
SYSTEM_MET125,2.8893948235228883
SYSTEM_ILE126,3.101843178807714
SYSTEM_ARG127,2.5576818724995873
SYSTEM_GLU128,2.8231671770698434
SYSTEM_ALA129,3.0363507065614517
SYSTEM_ASP130,3.2046772731407573
SYSTEM_ILE131,3.26570894689846
SYSTEM_ASP132,3.39692091091667
SYSTEM_GLY133,3.253459142073907
SYSTEM_ASP134,3.25459168814698
SYSTEM_GLY135,3.193775926683394
SYSTEM_GLN136,2.9839771554583394
SYSTEM_VAL137,2.150637874757685
SYSTEM_ASN138,1.9787776531205152
SYSTEM_TYR139,1.775488964531665
SYSTEM_GLU140,2.02721053072314
SYSTEM_GLU141,1.9224012980752583
SYSTEM_PHE142,1.786029292485589
SYSTEM_VAL143,1.9768455740738051
SYSTEM_GLN144,2.1387240722596337
SYSTEM_MET145,2.0165979714578213
SYSTEM_MET146,2.215345948110489
SYSTEM_THR147,2.7698454620675093
SYSTEM_ALA148,3.451091864278921
SYSTEM_LYS149,4.777086134968087
SYSTEM_THR6,4.676838406203234
SYSTEM_GLU7,4.389466470873841
SYSTEM_GLU8,3.539055395440519
SYSTEM_GLN9,4.357895206032027
SYSTEM_ILE10,4.613411095021925
SYSTEM_ALA11,5.501781422247141
SYSTEM_GLU12,4.667731372213874
SYSTEM_PHE13,3.7028092585404275
SYSTEM_LYS14,4.642733647929996
SYSTEM_GLU15,5.011563800343287
SYSTEM_ALA16,3.877981421123186
SYSTEM_PHE17,3.776437207694849
SYSTEM_SER18,4.832661069433069
SYSTEM_LEU19,4.534987698051667
SYSTEM_PHE20,4.093584838754055
SYSTEM_ASP21,5.280630420547982
SYSTEM_LYS22,5.38347437756058
SYSTEM_ASP23,6.510562349754059
SYSTEM_GLY24,7.651347020582914
SYSTEM_ASP25,7.44655346766898
SYSTEM_GLY26,6.420121916993419
SYSTEM_THR27,5.491901373783097
SYSTEM_ILE28,4.94781402101071
SYSTEM_THR29,4.769785190191438
SYSTEM_THR30,4.14111035235804
SYSTEM_LYS31,4.575502872125588
SYSTEM_GLU32,4.625289223559507
SYSTEM_LEU33,3.8367766851789686
SYSTEM_GLY34,3.897821611749406
SYSTEM_THR35,4.483163315106767
SYSTEM_VAL36,4.05280798021007
SYSTEM_MET37,3.5753780495186183
SYSTEM_ARG38,4.307176332536984
SYSTEM_SER39,4.610895707486491
SYSTEM_LEU40,4.083975273881753
SYSTEM_GLY41,4.317067037312645
SYSTEM_GLN42,3.6150042245365888
SYSTEM_ASN43,3.620634456160572
SYSTEM_PRO44,3.7293422147692317
SYSTEM_THR45,3.721219401249886
SYSTEM_GLU46,3.7377579159271086
SYSTEM_ALA47,3.4125593880109983
SYSTEM_GLU48,2.8651632305784416
SYSTEM_LEU49,2.8435448224129196
SYSTEM_GLN50,2.9674573650779776
SYSTEM_ASP51,2.4386167033856627
SYSTEM_MET52,2.168152862381908
SYSTEM_ILE53,2.5462577061475553
SYSTEM_ASN54,2.4783010708241164
SYSTEM_GLU55,1.9517809632691967
SYSTEM_VAL56,2.0549201810393436
SYSTEM_ASP57,2.3951851727844344
SYSTEM_ALA58,2.872639519165725
SYSTEM_ASP59,3.440671022185328
SYSTEM_GLY60,3.0479402473053874
SYSTEM_ASN61,3.1269061370597306
SYSTEM_GLY62,2.712248317372085
SYSTEM_THR63,3.3821270165186235
SYSTEM_ILE64,3.169116735258849
SYSTEM_ASP65,3.623774772445618
SYSTEM_PHE66,3.7623513302096074
SYSTEM_PRO67,4.364464371017947
SYSTEM_GLU68,3.9958864135691377
SYSTEM_PHE69,2.762957415317066
SYSTEM_LEU70,2.4345799680981175
SYSTEM_THR71,2.5496932017640943
SYSTEM_MET72,2.4686156830164543
SYSTEM_MET73,2.2384166463156667
SYSTEM_ALA74,2.3028793953528828
SYSTEM_ARG75,2.453894070620234
SYSTEM_LYS76,2.604791947411859
SYSTEM_MET77,2.907897313670591
SYSTEM_LYS78,3.0519751024804127
SYSTEM_ASP79,2.433183007403638
SYSTEM_THR80,2.0220222452231247
SYSTEM_ASP81,1.8971008631846735
SYSTEM_SER82,1.916587344556724
SYSTEM_GLU83,1.5501211100667367
SYSTEM_GLU84,1.1875600797391244
SYSTEM_GLU85,1.1718222407251493
SYSTEM_ILE86,1.1826457973068412
SYSTEM_ARG87,1.1152978481019162
SYSTEM_GLU88,1.0324230606670872
SYSTEM_ALA89,1.0770801780333523
SYSTEM_PHE90,1.2196424556712133
SYSTEM_ARG91,1.2193321264804498
SYSTEM_VAL92,1.282498739728098
SYSTEM_PHE93,1.3679744732750738
SYSTEM_ASP94,1.7324837397210087
SYSTEM_LYS95,2.0888508706801896
SYSTEM_ASP96,2.1122816934325854
SYSTEM_GLY97,2.0204606537647365
SYSTEM_ASN98,2.3811942632472705
SYSTEM_GLY99,2.2582849124404047
SYSTEM_TYR100,2.3997739122375106
SYSTEM_ILE101,2.1419635849629746
SYSTEM_SER102,2.451051707236687
SYSTEM_ALA103,2.4839466040242004
SYSTEM_ALA104,2.8332953042973354
SYSTEM_GLU105,2.5431368610542027
SYSTEM_LEU106,2.209781512072216
SYSTEM_ARG107,2.62373770044922
SYSTEM_HIS108,2.773063805913504
SYSTEM_VAL109,2.273116744906353
SYSTEM_MET110,2.4826269017527784
SYSTEM_THR111,3.2958995436756413
SYSTEM_ASN112,3.0370244750808353
SYSTEM_LEU113,2.8610054974391934
SYSTEM_GLY114,3.3311713250332837
SYSTEM_GLU115,2.7572873595398235
SYSTEM_LYS116,2.623835139165698
SYSTEM_LEU117,2.534235579017304
SYSTEM_THR118,2.962525705782708
SYSTEM_ASP119,3.1654492530951055
SYSTEM_GLU120,3.3964093611487707
SYSTEM_GLU121,3.031088945470978
SYSTEM_VAL122,2.8215120961119853
SYSTEM_ASP123,3.174440812826954
SYSTEM_GLU124,3.154156753255921
SYSTEM_MET125,2.750726164366535
SYSTEM_ILE126,2.749029566464007
SYSTEM_ARG127,3.0783763994552746
SYSTEM_GLU128,2.877788540763743
SYSTEM_ALA129,2.5164300830201265
SYSTEM_ASP130,2.707933486464806
SYSTEM_ILE131,2.8252446282890333
SYSTEM_ASP132,3.4299542529737606
SYSTEM_GLY133,3.8369735732806594
SYSTEM_ASP134,3.938904873259619
SYSTEM_GLY135,3.4056717324227526
SYSTEM_GLN136,2.6838876918580157
SYSTEM_VAL137,2.3985007238791654
SYSTEM_ASN138,2.1981052142686717
SYSTEM_TYR139,1.9244293965428831
SYSTEM_GLU140,1.9484639205395389
SYSTEM_GLU141,2.2824519645615005
SYSTEM_PHE142,2.134567464305627
SYSTEM_VAL143,1.8663719586517034
SYSTEM_GLN144,2.168526828999335
SYSTEM_MET145,2.356850833583556
SYSTEM_MET146,2.1585146060649167
SYSTEM_THR147,1.9835369519444044
SYSTEM_ALA148,2.2496925436360558
SYSTEM_LYS149,2.529410774532443
